epoch,pc1,pc2,y
0,2.3910046,-0.42456436,1
0,1.8900683,-0.27505922,7
0,-2.360564,-0.056002617,2
0,-0.093922794,0.13171911,7
0,0.18926173,0.5842047,2
0,-1.6428189,0.19780922,2
0,1.8712144,-0.23684978,1
0,1.7024384,-0.2363677,4
0,-0.15264842,0.5285969,9
0,-0.24140456,0.12133312,3
0,1.619941,-0.10549879,1
0,1.0512936,0.23219347,4
0,-1.7853298,0.008638859,0
0,0.92401725,0.117833614,7
0,1.1817162,0.113657475,1
0,0.7412798,0.28122663,5
0,0.72107106,0.1056695,0
0,-2.6673582,-0.54012585,0
0,0.19476062,0.2711153,6
0,0.38542193,0.21967793,9
0,1.2692001,0.0772171,7
0,-0.066310704,0.20186424,8
0,-0.44392213,0.19396782,4
0,-2.3077419,0.0529418,9
0,0.47360814,0.22018623,6
0,0.19849932,0.26065016,8
0,0.6915335,0.5142517,5
0,-1.3330859,0.27010727,2
0,-1.3119471,0.14321232,3
0,-4.5353746,-1.3277104,6
0,-1.112499,0.119895935,6
0,-0.7422937,0.43167067,2
0,0.45332152,0.25220823,9
0,-0.7496896,0.16049576,0
0,2.2920275,-0.34346008,4
0,-1.7842176,0.32607222,6
0,-0.30480546,0.042251587,0
0,0.12030816,0.2283845,5
0,0.4975599,0.31812954,9
0,1.0458152,0.11795139,2
0,0.73657197,0.15490818,4
0,-4.1962585,-1.2001135,3
0,-0.778794,0.3516426,2
0,0.16832238,0.1493454,6
0,-3.1425905,-0.44062328,6
0,0.89436704,0.19813204,9
0,-0.57085085,0.21003103,2
0,-0.5229146,0.2703662,2
0,-0.020359457,0.25316477,1
0,1.4421809,-0.03511238,3
0,0.46527666,0.028602123,7
0,-1.52777,0.020451546,9
0,-1.7204418,-0.025888443,0
0,0.2229765,0.097919464,8
0,1.7066541,-0.17224121,6
0,-4.6946664,-1.551573,8
0,-0.26476383,0.3667879,7
0,2.2154846,-0.48425484,1
0,0.62459403,0.21804714,6
0,0.104949534,0.16785955,6
0,2.2911153,-0.43964386,3
0,0.9510806,-0.041138172,3
0,-0.2374195,0.22811317,7
0,-4.7791314,-1.8448346,0
0,-0.69326246,0.27129984,3
0,-1.1003635,0.10448599,2
0,-1.7554891,0.15019512,6
0,1.5013075,-0.12313557,1
0,-1.4098043,0.2681942,9
0,-0.73613095,0.12129307,5
0,2.1115513,-0.36982918,1
0,-2.4701986,-0.0029087067,2
0,2.3980167,-0.49947405,1
0,2.9330459,-0.781754,1
0,0.5865448,0.32519245,7
0,-0.033393145,0.28074408,5
0,0.36037016,0.30141306,7
0,1.0259609,0.20847225,2
0,-1.18204,0.05987549,2
0,1.3179874,0.020105362,9
0,0.7569743,0.061009407,6
0,-3.3690848,-0.60450506,0
0,-0.37367857,0.1933465,0
0,0.1152243,0.23158741,2
0,-3.2167182,-0.33756733,8
0,1.0055847,0.06905031,6
0,1.3521333,-0.04521513,7
0,-0.14835021,0.26700592,6
0,-0.6438526,0.273417,4
0,-1.2025518,0.16715527,0
0,1.5123332,-0.06952143,9
0,1.3722086,-0.12668133,1
0,-1.0097544,0.25512028,6
0,-1.0563045,0.11840773,4
0,-0.10846096,0.5215707,3
0,0.03641343,0.14372063,1
0,1.031497,0.056830883,1
0,-0.10763702,0.28682947,8
0,1.3616467,0.07925415,9
0,1.7317142,-0.13784838,2
0,1.9205694,-0.2249384,7
0,1.1959829,0.15935993,0
0,1.1820107,0.15834665,5
0,0.39951408,0.30838728,4
0,1.4592624,-0.037086487,0
0,0.25315094,0.079387665,4
0,0.13399738,0.15480089,8
0,0.39709425,0.18421316,4
0,0.5205528,0.14751577,9
0,1.934706,-0.23489189,1
0,1.1571257,-0.07538748,7
0,1.7031736,-0.17242336,1
0,-1.4163233,0.08644724,5
0,1.8306386,-0.27895546,7
0,-2.5138907,-0.14142847,3
0,1.3037839,-0.0070753098,9
0,2.419839,-0.38137484,9
0,-1.5116653,0.3243537,3
0,-3.1333182,-0.4712019,8
0,-0.2769235,0.040699005,3
0,-0.22239926,0.33158064,4
0,-0.08926311,0.16730165,3
0,-0.040363967,0.1470089,9
0,1.0975661,0.001168251,9
0,1.5602472,-0.16737366,1
0,-4.653508,-1.2033854,0
0,0.87733203,0.2300458,4
0,0.047075033,0.23578024,6
0,-3.9779115,-1.0300417,6
0,1.3122921,-0.0323596,1
0,-0.67322147,0.4853959,5
0,-0.26284826,0.4518056,3
0,-1.1967418,0.21668196,2
0,-1.538955,0.17690706,3
0,1.3213305,-0.08660126,3
0,-2.1027362,-0.055856228,0
0,-2.8904533,-0.17574358,2
0,-2.1311016,-0.35148954,8
0,0.45498985,0.06535053,3
0,-5.079392,-1.9027116,8
0,-2.7383006,-0.13166714,8
0,2.3121457,-0.4514513,9
0,0.6580363,0.32264853,9
0,2.0656607,-0.34452343,1
0,-0.016333014,0.10276079,5
0,-3.1428444,-0.5352268,9
0,-0.13327178,0.027737617,2
0,-1.0959828,-0.06456089,8
0,2.6024182,-0.5977664,1
0,1.1799805,-0.12651491,8
0,1.140549,0.03873396,7
0,0.86952096,0.109942436,1
0,1.492845,-0.08786297,2
0,-0.8128675,0.11173153,4
0,-1.4954829,0.110311985,0
0,-1.0816042,0.012415886,0
0,1.1066096,0.0106134415,7
0,-1.7612903,-0.0455904,5
0,-3.2640643,-0.86587477,0
0,1.2010658,0.15177107,5
0,-0.76868045,0.39856577,9
0,0.59890634,0.17721796,8
0,-0.4131009,0.08398008,4
0,-0.60679734,0.4151163,2
0,3.0249476,-0.9152632,1
0,-2.2749262,-0.1239233,0
0,2.5918357,-0.5898237,1
0,-1.6435535,0.17162132,2
0,1.3681843,-0.08211565,5
0,1.4581938,-0.036492825,9
0,1.9541948,-0.15028381,1
0,1.709332,-0.19732332,5
0,-1.6569815,-0.066895485,8
0,0.2695536,0.14083672,0
0,1.1792996,0.18916893,5
0,0.82965666,0.1329031,9
0,-0.45696834,-0.073057175,0
0,0.14095539,0.41545105,5
0,2.302368,-0.5666814,5
0,-1.0773934,0.26639938,4
0,-0.03850469,0.19756174,0
0,0.6164971,0.14484167,2
0,-0.7658656,0.2385745,3
0,-0.86262524,0.19536114,0
0,-0.27067313,0.15146923,3
0,-1.7230785,0.13602829,7
0,-0.58637583,0.14012814,8
0,2.3286617,-0.41525698,4
0,2.8701491,-0.801188,1
0,1.7104354,-0.17057562,4
0,0.27723086,0.21089411,6
0,0.69301146,0.22900915,7
0,1.5624669,-0.0063676834,9
0,1.0265393,0.063129425,2
0,0.95124406,-0.025373459,5
0,2.627949,-0.6120906,4
0,-0.49773812,0.3446083,2
0,-1.8622284,-0.048211098,0
0,1.7294679,-0.16619873,1
0,-0.99449646,0.39183187,3
0,-0.54016405,0.40546513,5
0,-0.4960142,0.34303284,4
0,-1.6300976,0.11559868,2
0,-0.6192204,0.1428914,6
0,0.31317014,0.2364626,8
0,0.18436289,0.38827753,6
0,0.26422077,0.20763445,2
0,1.3572578,-0.47350502,3
0,-2.987024,-0.5223608,0
0,1.0113981,0.2527585,7
0,0.7374509,-0.03547764,8
0,2.2103057,-0.431849,1
0,0.4384148,0.31240034,9
0,-0.79634625,-0.02733469,5
0,-0.49376824,0.33346176,7
0,0.7638597,0.04044676,5
0,-1.5072622,0.24643517,8
0,-2.3233502,0.10104036,2
0,0.11220664,0.1912241,9
0,2.1908672,-0.42649126,1
0,1.3034275,0.1064949,6
0,0.37582654,0.26000595,9
0,2.9109643,-0.85272694,1
0,2.8598485,-0.7573757,1
0,2.4843206,-0.66320896,1
0,2.2255142,-0.3098483,1
0,0.012210697,0.17765617,9
0,1.215899,0.004981518,9
0,0.059843957,0.36285925,5
0,0.84488636,0.21114969,5
0,-0.009725392,0.2518716,9
0,-1.3340904,0.27573156,3
0,0.39882368,0.17119789,7
0,0.5969725,0.09938049,8
0,0.5375176,0.43544006,5
0,-0.87141323,0.35843897,8
0,-0.2435999,0.34700632,9
0,1.004468,0.098026276,3
0,2.787465,-0.7430625,1
0,-0.69534814,0.15957594,0
0,-0.5960987,0.5247321,3
0,2.7979739,-0.75491047,1
0,0.4729948,0.032917976,6
0,1.7737541,-0.13880396,1
0,-1.7662401,-0.11926031,0
0,0.22894168,0.2645216,3
0,0.29643345,0.22071886,6
0,-2.2134874,0.052469254,2
0,-0.042597443,0.19985723,7
0,0.69135576,0.3767805,9
0,0.6813249,0.103740215,6
0,-0.5800341,-0.041784763,3
0,1.4160388,-0.10449743,9
0,2.2952223,-0.25451136,7
0,2.1710873,-0.44567966,7
0,0.6019153,0.25204372,5
0,1.7631197,-0.117157936,1
0,1.989366,-0.20734262,7
0,0.4019012,-0.16018963,8
0,1.3138385,-0.24602842,5
0,-2.1075618,-0.0003490448,2
0,1.1337311,0.07360697,5
0,2.1678963,-0.27589893,1
0,-1.4191487,0.17020655,7
0,-0.21487954,0.34809303,9
0,-4.0345526,-0.99827313,8
0,1.7094152,-0.14913273,1
0,0.8170733,0.22983456,9
0,2.1241786,-0.38999796,1
0,1.1023781,0.08916569,1
0,2.4796884,-0.58531475,1
0,0.5891841,0.23035812,9
0,-0.1990371,0.25464487,4
0,1.0411832,0.13850498,9
0,1.9590018,-0.18817568,3
0,-2.26823,-0.29367065,0
0,1.1704645,0.06507015,7
0,1.3777113,-0.14233923,9
0,-2.8998563,-0.47051048,2
0,0.5871522,0.31856155,9
0,0.5965441,0.24997282,6
0,-1.6173446,0.05633831,8
0,1.35712,-0.08426094,5
0,0.5674719,0.21119356,6
0,-0.20162281,0.20162868,0
0,-0.5744034,0.08814621,0
0,-0.20862895,0.27622604,6
0,1.8059523,-0.18913174,1
0,-1.812942,-0.013900757,2
0,2.234383,-0.32897234,1
0,-0.9381441,0.097706795,0
0,2.074519,-0.26851654,1
0,0.939241,0.12004995,2
0,2.0548887,-0.29338455,1
0,0.58717746,0.20541239,9
0,-2.857316,-0.31515455,9
0,3.0484438,-1.1199346,1
0,2.2801292,-0.3836379,1
0,2.9532504,-0.87827635,1
0,-0.17044312,0.48230553,9
0,2.8604405,-0.8527632,1
0,-1.5766096,-0.11550379,6
0,0.56859356,0.3145013,9
0,1.3038297,-0.08590412,4
0,1.0349052,-0.022430897,6
0,-0.35138202,0.32758045,9
0,1.4403245,-0.05098152,7
0,-2.5276682,-0.36014652,0
0,-1.8723378,0.15354109,3
0,-4.8773313,-1.4718666,0
0,-0.5958177,0.26611185,5
0,0.22711027,0.2170639,1
0,-2.4969385,-0.0898509,9
0,1.2355411,0.16994715,6
0,0.38873625,0.31414223,6
0,2.1333852,-0.35407162,1
0,1.9889822,-0.2902794,1
0,-1.8507292,0.020977497,2
0,-0.43671125,0.40215683,2
0,0.20160425,0.31030464,3
0,-1.3570037,-0.085911274,5
0,-1.375057,0.2939725,2
0,0.7541912,-0.07801914,4
0,0.4617238,0.18245888,6
0,-2.1422427,0.03952408,0
0,0.12804532,0.27856016,9
0,-0.83715737,0.2008009,9
0,0.9302711,0.17020226,5
0,-1.771704,0.2455697,8
0,1.3848488,-0.16180515,2
0,-0.11330348,0.20936918,4
0,1.3000624,-0.087017536,4
0,0.45573217,0.22980833,0
0,-0.835354,0.17141533,2
0,0.7195558,-0.058039665,2
0,0.66313905,0.21433592,2
0,1.3404789,-0.2087946,6
0,-0.77951586,0.18006992,0
0,1.1411023,-0.0030965805,4
0,1.314228,-0.04290104,1
0,-1.8724167,-0.03015995,0
0,-0.2873802,0.08773708,5
0,-0.042387605,0.19479704,7
0,-1.5736718,-0.006822109,5
0,1.6571796,-0.09791899,9
0,-0.6431865,0.37734127,8
0,-0.4860675,0.23010635,8
0,-0.863279,0.063299656,6
0,0.14838248,0.1337061,8
0,1.0609941,-0.015201092,5
0,-0.473226,0.4907546,5
0,0.39634925,0.21336412,3
0,0.5600237,0.2638898,9
0,0.41198134,0.20459604,9
0,-3.0408466,-0.54871273,0
0,0.8749178,0.2258234,4
0,-1.4794247,-0.007537365,5
0,-0.97127175,0.24904823,0
0,-0.5369426,0.249681,9
0,1.106389,-0.10146952,4
0,1.9017141,-0.20825958,2
0,0.69802564,0.15989542,5
0,-0.49151927,0.24109793,5
0,-1.3493727,0.29524136,2
0,0.17149884,-0.011119366,4
0,-0.16518697,0.33616734,3
0,-1.2184577,0.3062992,2
0,-0.07048404,0.28343868,9
0,-1.4530463,0.25660515,6
0,-1.8720307,0.14856243,3
0,1.0980504,0.12113762,9
0,-0.17775637,0.2510767,5
0,-2.442698,-0.21140003,8
0,0.12132496,0.5296836,3
0,1.5442188,-0.09837961,6
0,0.07743728,0.17803288,7
0,1.1396549,0.04199314,7
0,1.97948,-0.28686666,4
0,2.8581147,-0.7962861,1
0,1.5422852,-0.17368746,2
0,-0.6996689,0.31875944,2
0,1.5636144,-0.16212368,6
0,0.32221556,0.043740273,8
0,-2.7824888,-0.16581917,2
0,1.6000435,-0.05234003,8
0,0.62292403,0.10563898,7
0,-1.2346363,0.13517666,6
0,-0.50478405,0.22402906,4
0,-0.8714225,0.1329627,4
0,0.84989613,0.12765121,0
0,1.3550828,-0.08056593,4
0,0.24852234,0.21594763,4
0,-1.6686726,0.22853804,9
0,-0.95530844,0.21993637,7
0,0.7193181,0.32573175,5
0,0.07168347,0.27641535,2
0,0.5329725,0.42107344,3
0,-0.49872902,0.13529778,2
0,-3.7872627,-0.69880486,0
0,-3.196239,-0.39956045,2
0,0.6101685,0.26427794,9
0,-1.8417733,0.15881062,9
0,0.96146756,0.102971554,9
0,0.49767512,0.10487604,6
0,-0.9108848,0.032967567,0
0,-1.0343499,0.17186117,0
0,-2.200849,0.051713943,5
0,-1.5742948,0.3565879,5
0,1.975146,-0.6280446,4
0,-1.616435,0.042578697,0
0,-2.6833277,-0.23041248,2
0,1.1230149,0.105184555,4
0,2.8498552,-0.762969,1
0,-0.18018275,0.23429966,4
0,-0.21114826,0.4012456,9
0,2.239638,-0.3740139,1
0,0.49336022,0.32924986,4
0,-1.0693775,0.076052666,5
0,0.93441635,-0.03805828,2
0,-1.0833443,0.13628769,4
0,0.67749435,-0.04631853,7
0,0.8242344,0.10998392,8
0,-0.13989186,0.36789465,5
0,1.1922078,-0.023955345,7
0,-0.12699237,0.4059844,8
0,1.98195,-0.10310745,5
0,0.5351351,0.096952915,3
0,-0.823784,0.055027485,5
0,1.0051012,-0.10443735,0
0,0.6900832,0.15846872,1
0,0.23386502,0.14087343,3
0,-1.1126,-0.05728054,8
0,-0.9305498,0.25507927,3
0,0.06646991,0.35936642,2
0,-1.4810073,0.07297611,3
0,-2.7747886,-0.3551917,5
0,-2.787639,-0.18953037,5
0,1.3778243,-0.0789628,1
0,-1.5230072,0.38577223,2
0,1.0251036,0.14755583,5
0,1.4526515,-0.19379473,5
0,1.5760388,-0.1070385,3
0,-1.5018327,-0.009863853,2
0,0.32675654,0.34348536,3
0,1.5762839,-0.32858467,2
0,-0.07558334,0.48605728,9
0,2.622267,-0.6891284,1
0,1.2871287,0.19928122,9
0,0.19758695,0.30648088,2
0,0.96715444,0.19716358,9
0,-0.4470086,0.16483164,8
0,-1.1326342,0.35588217,3
0,0.77280647,0.19662523,8
0,2.628587,-0.7519989,1
0,-0.65006495,0.22932577,3
0,0.70808953,0.32881832,3
0,0.5995458,0.1784234,9
0,1.843081,-0.24393415,7
0,1.0098085,-0.011321545,4
0,-3.2219138,-0.57368946,3
0,0.19324714,0.51537657,3
0,-3.5194397,-0.745584,0
0,1.3405809,-0.20036602,5
0,-1.7810872,0.18464613,5
0,-2.071529,-0.030005455,3
0,0.18702334,0.3833046,9
0,2.2197547,-0.35334396,1
0,0.8478882,0.059223652,1
0,2.2846138,-0.43877935,1
0,0.45730996,0.18680811,7
0,2.4441583,-0.51462793,1
0,-0.56151515,0.4147401,4
0,1.8794026,-0.30310202,1
0,0.9912067,0.14491606,9
0,-1.2824719,0.16428995,2
0,-2.0287144,-0.07682133,8
0,-2.527046,-0.14420557,0
0,-2.4205031,0.09777498,5
0,-0.15685424,0.09460592,2
0,-3.07775,-0.3706684,2
0,-0.5448543,-0.030978203,2
0,1.8045211,-0.2731676,1
0,2.2408137,-0.4976492,1
0,1.1028216,0.20710754,9
0,0.5902446,0.20814943,8
0,-0.06325325,0.25867605,4
0,-1.538573,-0.020986557,0
0,2.0209131,-0.28716898,1
0,-1.2629849,0.3764987,0
0,-0.063985676,0.3290267,7
0,0.5670946,0.33012152,5
0,0.21432209,0.47232056,5
0,2.9290285,-0.88424826,1
0,1.2662854,0.000104904175,1
0,-1.3825197,0.14590597,2
0,0.7731487,0.1571374,9
0,-1.5412695,0.28000355,8
0,-1.5947423,0.27380323,3
0,1.6312244,-0.15258455,1
0,0.82491034,0.15226126,6
0,1.1309724,0.103805065,9
0,0.4669838,0.01955986,2
0,-0.91170883,0.078308105,0
0,2.3563154,-0.47472477,7
0,-0.14604953,0.144351,3
0,-1.0554595,0.03330326,3
0,0.13545918,0.10024166,3
0,-0.25202346,0.32235384,3
0,-4.219749,-1.1501458,0
0,-0.013798833,0.35547495,2
0,-0.5319748,0.29011393,0
0,-0.6811003,0.18930817,3
0,2.1732473,-0.45535183,6
0,-0.62017167,0.27080488,0
0,1.3215814,-0.34387922,5
0,0.092104614,0.43142843,4
0,1.2163703,-0.040565968,7
0,1.3762865,-0.036512375,1
0,0.09773135,0.18385887,8
0,-1.3847599,0.2346816,5
0,0.78622574,0.33142662,9
0,-1.0707138,0.32599783,3
0,1.0246313,0.0423913,4
0,-5.2879915,-2.2749622,0
0,-3.1542046,-0.45954466,0
0,-0.97988504,0.1662488,4
0,1.1358466,0.20924282,9
0,1.5316694,-0.015460968,7
0,-1.8659861,-0.062173843,0
0,-3.8565764,-0.8794589,2
0,-2.5614433,-0.1461258,3
0,-1.312422,0.17571926,2
0,-0.8370192,0.119357586,6
0,2.1187549,-0.5056405,5
0,2.5191185,-0.57308054,1
0,-0.9047843,-0.09385061,8
0,2.3146875,-0.3811984,1
0,0.07331091,0.43429327,9
0,2.9114738,-0.9807973,1
0,0.28317058,0.21033812,9
0,2.0384767,-0.26487684,4
0,0.12297225,0.36419916,3
0,0.5053575,0.041581154,8
0,1.1203833,-0.31492758,7
0,-0.3480106,0.3033986,8
0,-2.713543,-0.19652557,2
0,-0.9736192,0.19337177,8
0,0.44848424,0.036446095,4
0,-4.708672,-1.4224298,0
0,-1.6221583,-0.036402702,2
0,1.8337848,-0.1117115,7
0,-1.5169406,0.43727875,8
0,2.0214064,-0.34136295,4
0,0.9822032,0.112511635,5
0,-3.7776587,-0.93954945,0
0,1.6647413,-0.10758686,1
0,1.5507829,-0.09348202,7
0,0.60732514,0.23604727,8
0,1.2981791,0.01794386,4
0,-0.9654807,0.037193775,8
0,0.29860747,0.3240242,5
0,0.4397353,0.24569178,9
0,1.0091298,0.0587759,7
0,-0.22149763,0.14842272,9
0,1.9502568,-0.32821894,3
0,1.5404165,-0.048689365,3
0,-2.7335517,-0.5935807,0
0,1.4874251,-0.0056729317,7
0,1.6322474,0.07247114,4
0,-1.8930249,-0.008574963,8
0,0.06915921,0.22762871,2
0,0.695236,0.40630293,0
0,2.2677724,-0.4724884,1
0,0.19809818,0.080467224,1
0,0.36523956,-0.013433456,7
0,1.6290014,-0.13469791,1
0,0.032971203,0.31969023,9
0,-2.4097927,0.10601425,5
0,-0.9584153,0.32517338,8
0,-2.8895082,-0.33679295,0
0,-2.516709,-0.084704876,2
0,1.2775614,-0.0077118874,1
0,-2.9600027,-0.4649353,4
0,-0.16960835,0.20533991,3
0,0.6748113,0.33205652,9
0,1.6589375,-0.09399986,1
0,-0.62747175,0.4633727,7
0,0.71806985,0.21805,9
0,2.9279623,-0.88974524,1
0,-3.244608,-0.36606836,0
0,0.15530175,0.27549648,8
0,-3.8732653,-0.87944365,0
0,0.08994424,0.28458548,2
0,1.3576541,0.055881023,6
0,0.2938441,0.20643234,7
0,-0.92880106,0.25009918,6
0,1.1962764,-0.062471867,5
0,0.22794056,0.22866154,8
0,-0.6437519,0.3206234,8
0,-0.5356314,0.43369436,3
0,0.021645725,0.2427082,9
0,-0.3010895,0.33328772,8
0,0.77550405,0.0099487305,5
0,0.8927323,0.13309717,6
0,-1.1411366,0.2496314,6
0,-2.870898,-0.3987651,8
0,0.7327096,0.061653614,4
0,-0.272125,0.23485756,8
0,1.0595226,0.14954996,4
0,1.2899687,0.01311779,9
0,1.8863323,-0.2809658,1
0,1.9729252,-0.2659111,1
0,2.520702,-0.6210823,1
0,0.7536065,0.22390747,8
0,0.26696372,0.34276485,6
0,1.0447266,0.1044755,9
0,1.7036953,-0.13839293,1
0,2.497756,-0.573082,1
0,-1.3127784,0.059910297,8
0,2.9159656,-0.8472872,1
0,2.5402358,-0.47315025,1
0,-1.6343334,0.02213955,2
0,-0.041248113,0.2817793,4
0,-1.8618634,0.2568097,5
0,-6.178568,-3.0620084,0
0,1.1478918,-0.036994457,4
0,-0.66425455,0.3669982,8
0,0.9154989,-0.07727718,4
0,3.064185,-0.9976883,1
0,-0.34913886,0.21295738,7
0,-0.7886561,0.21508694,9
0,-0.3847569,0.38823843,3
0,-0.43559673,0.13639641,9
0,-0.1299769,-0.011736393,5
0,0.91865736,0.26483965,4
0,0.12199354,0.27334356,3
0,2.0670774,-0.53894234,4
0,-2.5607715,-0.23608351,3
0,-2.827367,-0.0031557083,0
0,1.7382185,-0.22765303,7
0,0.44104248,0.112388134,6
0,-0.9492285,0.341156,2
0,0.21880895,0.38333368,9
0,2.5278227,-0.67873526,1
0,0.6675089,-0.008787632,0
0,1.0954349,-0.0093922615,7
0,0.73265773,0.09913254,3
0,-0.71036166,0.31438637,2
0,0.043064296,0.15885258,7
0,0.30185848,0.16548586,6
0,-0.71898025,0.19783306,8
0,-0.6780712,0.20717716,4
0,-0.057842135,0.43181753,2
0,1.7899497,-0.3516698,4
0,0.16809839,0.32471418,8
0,-0.80034065,0.29218626,7
0,-2.7941167,-0.13790369,8
0,0.043649316,0.22881413,8
0,-0.050263047,0.28441906,6
0,0.7847119,0.26405525,7
0,-0.47803622,0.1821742,2
0,-0.15348858,0.18945551,4
0,0.50179076,0.22424364,7
0,0.7187124,0.13644981,4
0,-0.42017686,0.13899851,0
0,-1.0882399,0.38286114,3
0,0.33975202,0.13007021,3
0,-0.45692956,0.26327705,0
0,0.9779199,0.108160496,7
0,1.234138,0.1864438,3
0,1.4423921,-0.0020861626,7
0,2.5095541,-0.53264284,1
0,0.4722345,0.13619661,7
0,1.0895228,0.17368984,4
0,1.0871286,0.09712696,4
0,2.8124573,-0.7329593,1
0,-0.7732483,0.26581287,6
0,-0.41180542,0.27382517,2
0,0.45783323,0.20712423,7
0,2.0461876,-0.4350829,7
0,-3.5494165,-0.6352191,6
0,0.8244087,-0.24387693,4
0,1.0078859,-0.08680487,5
0,-0.0148148835,0.16572332,9
0,-1.1199005,0.2508278,8
0,-0.20851547,0.38712358,7
0,1.7172091,-0.20978451,5
0,-0.5640216,0.23234224,8
0,-3.8616612,-0.75285625,8
0,1.5797079,0.04794979,4
0,1.841301,-0.29707003,3
0,3.2042124,-1.1414986,1
0,-1.0213166,0.39227247,9
0,1.014993,0.060567856,3
0,-0.18182686,0.43605614,2
0,1.1420066,-0.036628246,3
0,-0.74925846,0.25262117,3
0,1.8169303,-0.2917633,7
0,0.6581945,0.13762617,5
0,2.4349875,-0.4226656,1
0,-5.4053335,-2.103579,0
0,2.0292685,-0.33005428,6
0,-1.9158516,-0.027950764,0
0,-0.38836816,0.36266947,6
0,0.21573031,0.05055952,5
0,-1.1831129,0.29599905,6
0,-2.2701874,-0.1656475,6
0,2.0283358,-0.30124712,1
0,-1.5762346,0.051775455,0
0,0.3055073,0.33220673,9
0,2.0928657,-0.41646767,0
0,-2.309072,-0.066325665,8
0,0.659939,0.026874065,9
0,-0.015124947,0.18268538,9
0,1.2303517,0.10947895,5
0,-3.0902607,-0.08510685,2
0,0.57520217,0.22669029,9
0,-0.46034372,0.010347366,2
0,-0.18152446,0.47479248,9
0,1.7319682,-0.124409676,4
0,2.5156167,-0.71796656,5
0,-1.4115559,0.22541761,3
0,0.48783326,-0.12192583,4
0,0.30761015,0.09324741,3
0,1.7078652,-0.18822002,2
0,0.3157395,0.14151955,6
0,-0.361279,0.34166384,0
0,1.9109697,-0.26044607,1
0,-0.26917902,0.27215052,0
0,0.2348634,0.4055009,5
0,-1.3779044,-0.09198809,5
0,0.28461897,0.20027733,3
0,1.3085337,-0.05676174,1
0,-0.041261017,0.51871777,3
0,-2.5659926,0.059154034,3
0,0.9365265,0.12387943,4
0,-0.28248474,0.14241123,8
0,0.9548107,0.11580324,2
0,-1.5730882,0.2110157,5
0,-2.05336,-0.122243404,6
0,0.8809263,0.043814182,4
0,-1.0884464,0.10921955,3
0,1.771301,-0.19310331,1
0,-1.0120841,0.23831224,8
0,0.6655845,0.21480417,9
0,-2.2414854,-0.17194271,2
0,-0.03261134,0.16487598,4
0,-0.19902343,0.3027649,5
0,-0.37675586,0.32356882,3
0,-4.672166,-1.5305469,8
0,-2.0328357,-0.15616512,6
0,-0.2243186,0.12766361,0
0,-0.22501129,0.25249815,8
0,2.5612857,-0.64029694,1
0,-0.6407797,-0.14594555,5
0,-5.015588,-1.4831901,5
0,0.96687454,0.1190567,7
0,-0.36019656,0.21891546,7
0,0.37466007,0.30626154,0
0,0.28396213,0.17397785,6
0,0.3214085,-0.042651176,6
0,0.7322133,0.17372417,6
0,-0.5014143,0.19705105,6
0,2.5171497,-0.5818324,1
0,-0.51087457,0.3823862,5
0,0.7602194,0.022497177,8
0,1.2884305,0.06901693,0
0,0.40148723,0.24304533,5
0,-3.4280639,-0.41624165,3
0,-1.6563258,0.23586082,0
0,-5.0046396,-1.9605043,0
0,1.4587166,-0.094763756,7
0,0.79403025,0.08960199,7
0,-2.02457,-0.024437428,3
0,-0.76663435,0.061602116,0
0,-0.01646331,0.19477749,6
0,-2.1137683,0.14054394,0
0,-1.4051468,0.04733181,0
0,-1.545702,0.06649399,5
0,-2.37197,-0.24941587,4
0,2.5012932,-0.63147163,9
0,-0.9148855,0.3240943,6
0,1.2755728,-0.07155514,2
0,2.7602623,-0.68229437,7
0,2.1427314,-0.4685893,3
0,2.8234644,-0.8996477,1
0,-0.8979568,0.28338146,6
0,0.7018729,0.2731595,6
0,-0.85084057,0.27056694,8
0,-2.9469202,-0.32927322,8
0,0.69632906,0.16316271,4
0,0.13971895,-0.06531906,2
0,2.0252736,-0.2702608,1
0,-0.16232905,0.303617,8
0,-0.8095279,0.2046504,4
0,-2.0963066,-0.113735676,8
0,-1.161802,0.42862844,3
0,-0.08094028,0.32002354,0
0,-2.3180482,-0.31335735,2
0,-1.0042701,0.31239462,2
0,0.8534886,-0.031265736,3
0,0.719469,0.2822566,9
0,0.0047847927,0.098079205,2
0,1.5701134,-0.11658144,0
0,2.8621266,-0.9011531,1
0,-1.1523885,0.42916584,3
0,-3.5214736,-0.4454131,3
0,-0.0045819283,0.33013868,9
0,0.57731503,0.17693233,4
0,1.1113014,0.033508778,5
0,1.1122775,0.15739441,1
0,-0.80681807,0.47062445,3
0,-0.66552484,0.06411648,2
0,-2.6012504,-0.28169775,8
0,1.0772567,-0.037000656,4
0,0.7577291,0.21673965,2
0,-2.3723586,-0.29815197,4
0,-2.178381,-0.19333887,0
0,-1.2068572,0.07891369,0
0,-1.5447266,-0.059054375,2
0,-0.13478774,0.08360195,3
0,-1.6756413,0.027668476,8
0,0.35073698,0.4242115,2
0,-0.44951114,0.12111759,7
0,0.22785127,0.10945749,2
0,-2.5806408,-0.21412039,2
0,0.93252975,-0.13983965,8
0,-0.56175727,0.3603468,5
0,0.80962497,0.14304495,1
0,0.17505902,0.2473402,6
0,2.0172107,-0.2677889,7
0,1.2850437,-0.14257765,7
0,1.7630413,-0.19051313,1
0,-2.2471778,-0.13082504,8
0,1.0650067,0.081086636,9
0,0.68839663,0.18195534,4
0,-2.4718678,-0.20303106,6
0,-2.4251106,-0.050385,5
0,-0.5116881,0.14404583,4
0,0.8355276,0.15935802,2
0,-0.3642081,0.2418065,9
0,0.8315082,0.21303034,8
0,0.7420452,0.17986917,4
0,-0.065956146,0.1962738,9
0,1.3938627,-0.07521391,2
0,-1.2797018,0.19326162,3
0,-2.8278174,0.05995226,0
0,-1.0569746,0.3269043,2
0,1.2319801,0.22209167,6
0,0.4012745,0.10470009,4
0,-1.7927761,0.2881565,3
0,0.546292,0.13552332,3
0,0.078958035,0.10734367,0
0,2.255265,-0.5099211,1
0,1.1817138,0.103123665,9
0,-0.7136569,0.22652388,0
0,-1.3318534,0.32253075,9
0,-0.75015974,0.1254859,3
0,-1.3950562,0.26340866,8
0,2.528768,-0.54557276,1
0,1.440841,-0.0894537,2
0,1.6999557,-0.017020702,9
0,1.9268422,-0.23942232,6
0,1.3949885,-0.05032301,7
0,1.7743533,-0.19348335,1
0,0.02470851,0.28613234,3
0,1.2741842,0.07744408,7
0,-1.4788673,0.053025246,8
0,1.1336803,0.024342537,1
0,-2.9253042,-0.5196276,8
0,0.25632298,0.069208145,9
0,0.6472979,0.12674141,5
0,-1.2523277,0.03483963,6
0,2.314722,-0.43379545,7
0,-2.3242593,-0.30994987,2
0,-1.7131481,0.09700775,8
0,-1.0020773,0.42703533,6
0,-2.7490165,-0.43052864,0
0,-1.2920424,0.28229284,3
0,-0.057283223,0.42442846,9
0,1.9433146,-0.31576252,7
0,1.4038315,-0.13449907,7
0,0.42569774,0.11847639,7
0,0.2087301,0.33920717,3
0,0.8805739,-0.028098583,6
0,2.6739302,-0.71714973,4
0,0.55348784,0.27487946,9
0,-2.4677074,-0.34581232,4
0,-2.1911116,-0.09808016,6
0,0.8144322,0.033386707,2
0,1.231159,-0.07241678,9
0,-0.81496775,0.3380065,0
0,0.81035095,0.12160444,9
0,-1.5455265,0.1159215,6
0,1.772496,-0.32108927,5
0,2.3508637,-0.44213486,1
0,1.7397494,-0.19795942,4
0,0.58848256,0.23619461,4
0,0.022575855,0.35143518,3
0,0.41904795,0.30155802,3
0,1.5448523,-0.21300077,4
0,-0.9511386,0.3258891,2
0,0.72808665,0.12929487,9
0,-0.30206764,0.26892614,8
0,0.9597636,0.22221613,7
0,0.52767557,0.13105345,4
0,-0.9523557,0.38795424,9
0,-0.83149636,0.20533133,0
0,-0.899045,0.023634434,8
0,1.3305075,-0.013744354,7
0,-0.932418,0.2974596,5
0,1.9177799,-0.2577362,1
0,-0.4029139,0.05221367,0
0,0.17361295,-0.05903864,0
0,-0.63992465,0.33459854,2
0,2.285572,-0.4435749,9
0,-2.0597465,0.04160881,5
0,0.1932497,0.33509254,7
0,0.54496187,0.16866493,7
0,-1.0588448,0.15856266,6
0,-0.106613845,0.1426611,4
0,0.5301197,0.14858723,6
0,-1.0355614,0.092365265,4
0,-2.09361,0.19258308,6
0,1.369868,0.055664062,7
0,1.7349036,-0.12027931,4
0,0.45721322,0.16871977,8
0,-1.801677,-0.2044158,6
0,-2.080371,0.12782049,5
0,-2.326458,-0.16557264,2
0,-0.19460964,0.14359999,3
0,-0.610186,0.08440781,8
0,-0.8277211,0.051074505,4
0,1.4798489,-0.03926325,5
0,-0.9753222,0.26517868,5
0,-0.5091656,0.34778214,0
0,-3.2580132,-0.25020647,6
0,-1.1408336,0.33681774,5
0,-3.1730204,-0.4456029,4
0,-0.035824895,0.17146301,2
0,-1.7969115,0.04091692,9
0,-0.15045586,0.200346,0
0,0.34502023,0.2314086,7
0,-0.0038746,0.36357498,8
0,0.17176676,0.31404448,6
0,-1.2138057,0.14106321,6
0,-0.885098,0.256145,3
0,0.8930922,0.023902893,9
0,0.21239161,0.34422493,0
0,-2.4630895,-0.16056728,0
0,-0.77027595,0.40621233,7
0,1.1890011,-0.15446186,3
0,2.588762,-0.58993626,1
0,2.0308218,-0.3957548,4
0,0.7657781,0.26637983,7
0,2.6318734,-0.6980181,1
0,1.8375282,-0.17885542,7
0,1.6832311,-0.19133902,8
0,0.043537736,0.38842916,7
0,0.12780851,0.31877756,9
0,0.7809934,0.046099186,9
0,-2.8793075,-0.18687296,3
0,-0.3114153,0.27776098,7
0,-3.5686486,-0.38133335,3
0,0.6768932,0.43169308,3
0,-3.9610472,-0.8989792,2
0,1.9659383,-0.2953968,4
0,-2.2849274,-0.1561203,8
0,-1.3188424,0.16642904,5
0,-0.50349456,0.32617712,3
0,-1.6302984,0.33051682,2
0,-0.38044944,0.22457695,0
0,-2.3494585,-0.01281023,3
0,1.9012599,-0.63203,4
0,-1.2504119,0.24560261,6
0,-0.44204772,0.14029408,2
0,0.66329235,0.11700916,7
0,-1.378711,0.34308386,3
0,-0.10841879,0.48700857,6
0,0.46528792,0.0948863,6
0,-0.12600002,0.2867403,0
0,0.68485147,0.25139952,8
0,0.07463145,0.08481455,2
0,0.93974155,0.071047306,3
0,1.1148808,-0.03239155,5
0,0.2449652,0.37671757,7
0,-1.6122434,0.25103378,8
0,0.13926,0.25776005,4
0,1.144088,-0.13431597,7
0,1.4698191,-0.032145977,1
0,1.8942528,-0.21331549,6
0,-2.4385593,-0.090560436,0
0,2.4000795,-0.5586295,5
0,1.6457903,-0.07104492,3
0,-2.8389404,-0.3344245,2
0,-0.27151024,0.26794624,8
0,-0.17075378,0.3066783,0
0,-0.5518825,0.30966997,2
0,-1.2266943,0.17096329,6
0,-2.8376477,-0.44232988,6
0,0.22849149,0.40806437,5
0,0.95827097,0.003221035,4
0,-1.2663132,0.34841347,2
0,0.01956135,0.28253603,6
0,1.0318942,-0.015761375,6
0,1.0679989,-0.014092445,2
0,-0.59201413,0.085587025,3
0,-0.29020625,0.044877052,6
0,2.4922945,-0.5771737,1
0,0.029964983,0.19284439,0
0,2.147628,-0.29476976,6
0,-2.9192946,-0.22705317,8
0,-1.0844357,0.4923253,5
0,2.1735182,-0.37512684,1
0,1.7887328,-0.2051158,5
0,0.6785112,0.27873087,8
0,-1.9431927,-0.12784767,8
0,0.34967357,0.052230835,6
0,1.0051293,0.15738201,4
0,-2.0882921,0.12111378,8
0,-0.8264586,0.18739271,8
0,1.9080818,-0.43052387,4
0,2.775921,-0.8155198,1
0,-0.9623481,0.4946642,5
0,-0.016447335,0.15520906,5
0,0.349957,0.18952799,9
0,1.8822098,-0.28036213,6
0,0.7180528,0.11782694,9
0,2.6655278,-0.6795111,1
0,-0.31512213,0.3384552,7
0,1.0503614,0.03943968,4
0,-0.61298835,0.067959785,8
0,-0.7839996,0.30650234,6
0,2.389723,-0.4513774,4
0,1.1572144,-0.14261389,8
0,1.9003713,-0.4893942,2
0,-0.7077138,0.123553276,4
0,0.00758636,0.32724,5
0,2.5436928,-0.57206297,1
0,-1.5504861,0.057689667,6
0,1.1729057,0.16719294,7
0,-0.34687257,0.0673275,4
0,0.42739272,0.0115122795,7
0,-0.8736118,0.38353252,5
0,-1.5054605,0.1646967,6
0,1.2302673,0.11276817,7
0,-2.0422666,-0.043609142,2
0,-0.8051901,0.21526957,8
0,-2.2394059,-0.004942417,5
0,-1.3412492,-0.0077762604,0
0,0.944279,0.31345272,9
0,-1.401036,0.08715725,6
0,-2.1650124,0.053474903,3
0,2.61399,-0.633173,1
0,2.6577587,-0.6708417,1
0,1.606838,-0.04022026,7
0,-0.49944237,0.03313303,3
0,-0.43346074,0.3567667,4
0,0.85385877,0.026873112,8
0,0.27037394,0.15017605,2
0,0.8314175,0.25673485,4
0,0.4567412,0.11864805,0
0,1.3204987,-0.027240753,1
0,1.0951388,-0.022256374,5
0,-1.0836661,0.25220442,3
0,-1.0420734,0.10520983,6
0,0.5578832,0.2728958,5
0,-0.41939268,0.28225183,8
0,3.0171633,-1.0266638,7
0,1.1461666,0.20632172,9
0,0.9928854,-0.009918213,5
0,-1.7581823,-0.10844135,9
0,1.5646718,-0.10302067,7
0,1.6949494,-0.23868465,6
0,2.756987,-0.70890903,1
0,-0.73773706,0.32766247,8
0,-2.7385075,-0.2749877,6
0,-0.08745143,0.28928423,3
0,-0.7051668,0.30992317,3
0,1.7005584,-0.10861206,7
0,0.41363472,0.117516994,6
0,0.0485788,0.31358957,6
0,0.5395716,0.13011026,1
0,2.964732,-0.9189334,1
0,-2.6564264,-0.3014083,2
0,-0.6128942,0.33019304,0
0,1.2282357,-0.1875701,3
0,0.8126587,0.21369362,7
0,-0.15768006,0.27999258,0
0,1.0246055,-0.09872055,7
0,-1.1059142,0.1770401,3
0,1.0612116,-0.09991884,5
0,1.093262,-0.011088371,7
0,-0.55411786,0.072339535,4
0,-1.1406615,-0.049621105,3
0,1.5989954,-0.10587025,7
0,-1.7301519,-0.12343788,2
0,-1.7523727,0.17190123,5
0,-1.3801231,0.31790495,9
0,-1.8634427,-0.12372637,5
0,-0.31426316,0.40539694,3
0,0.89525133,0.041944027,9
0,-0.99225926,0.39385223,8
0,2.797261,-0.7834668,1
0,0.0809322,0.10019922,0
0,0.5368028,0.19438076,9
0,1.2057185,0.16388273,8
0,-5.1445794,-1.7244208,0
0,-1.1205711,0.22683811,8
0,1.1468639,0.16062212,3
0,0.14524555,0.26055813,9
0,-0.34252036,0.1975627,8
0,0.013796121,0.2507558,3
0,1.9152558,-0.4481063,2
0,-0.12423766,0.21707535,9
0,-1.63024,-0.14217997,6
0,-0.71718425,0.06686354,8
0,1.5009611,0.083510876,4
0,2.8497195,-0.7548313,1
0,-0.0011462569,0.13848734,8
0,-3.3395555,-0.6746516,0
0,-2.733623,0.113031864,3
0,1.7013502,-0.22256231,2
0,0.51877123,0.13591671,2
0,1.4702754,-0.1270113,1
0,1.1211891,0.08111572,9
0,1.995122,-0.3374405,1
0,-1.7469921,0.040904045,0
0,-2.2079475,0.20003891,0
0,1.1419604,-0.0081448555,2
0,1.278255,0.080236435,3
0,-0.45126212,0.13352251,2
0,-2.000371,-0.117153645,0
0,-0.79743147,0.3845892,3
0,-2.2016573,0.013575077,0
0,-0.6048019,0.3949952,9
0,-2.2529576,-0.3402624,0
0,2.6603284,-0.7540293,1
0,0.7156696,0.051290035,5
0,1.3691182,-0.2877779,4
0,-0.3075179,0.41063213,5
0,-0.868925,0.1661377,8
0,2.141107,-0.34647655,7
0,0.54394954,0.27708292,9
0,-0.62839484,0.39997435,5
0,0.21971238,-0.050725937,8
0,-0.06198743,0.12195015,9
0,-0.50151616,0.31126595,2
0,0.9843108,0.1687479,7
0,0.2827912,0.06668854,3
0,-2.7003627,-0.31480122,3
0,0.34370148,0.3203926,7
0,0.4905702,0.20997763,3
0,-0.120408475,0.35763884,4
0,0.56905967,-0.1354227,2
0,-3.5806284,-0.6758771,6
0,-0.15585715,0.1467433,5
0,-0.3069446,0.4332595,0
0,1.1785765,0.06903982,9
0,0.5192084,0.21803045,5
0,0.23533219,0.110868454,4
0,1.6144745,-0.19795942,7
0,-0.96507823,0.33180618,2
0,-0.19157714,0.04006195,7
0,-2.2120414,0.024291992,2
0,1.2268856,0.12127638,4
0,-3.122921,-0.61375904,6
0,1.1863809,0.102110386,5
0,-1.5030267,0.35083246,9
0,-0.25834024,0.072514534,8
0,-5.857223,-2.3291843,8
0,-0.008485585,0.21784687,6
0,-1.0314522,0.2914176,3
0,-1.0552754,0.31686926,4
0,2.3007467,-0.42869425,1
0,-0.86974794,0.11068106,6
0,-0.0678252,0.12172413,6
0,-0.60614026,0.3778901,3
0,-0.5392135,0.38128662,9
0,1.2676218,-0.10150528,4
0,1.4428971,-0.01834631,5
0,1.9059224,-0.19883728,4
0,2.6897101,-0.7324977,1
0,1.5049489,0.08709288,7
0,-2.8847606,-0.2809453,2
0,-1.5576446,0.1951189,0
0,2.5761368,-0.56020784,1
0,2.5935845,-0.6613326,1
0,1.6104434,-0.1636715,7
0,-1.9701705,0.14617586,4
0,2.8192728,-0.7618704,1
0,-1.0875013,0.35551405,3
0,-1.4842587,0.09458065,8
0,0.66796213,0.17850447,7
0,0.97353977,0.26913357,9
0,-1.9980917,-0.0016870499,2
0,0.08109671,0.3282771,5
0,2.309456,-0.42449188,7
0,-3.052983,-0.4937086,0
0,-1.1537861,0.20048714,0
1,-0.68090904,3.5536826,1
1,1.5936656,-4.639785,7
1,-6.396524,0.8842342,2
1,2.7083583,-5.20563,7
1,-4.950435,3.172485,2
1,-3.036781,4.7118425,2
1,-0.8226489,3.6539896,1
1,3.865002,-2.8913593,4
1,4.1659617,-5.4032393,9
1,-6.9054914,-1.2405872,3
1,0.1575458,2.602489,1
1,6.1922846,-5.7976766,4
1,2.1113253,5.1394916,0
1,4.8778377,-3.7575908,7
1,-0.085721076,3.6169183,1
1,0.39078847,-3.2170217,5
1,5.3772583,4.4109707,0
1,3.6845117,3.7521904,0
1,2.2189825,5.646573,6
1,2.9836183,-5.940551,9
1,2.0738597,-5.613745,7
1,3.209244,2.4301999,8
1,5.3906054,-1.5316074,4
1,6.339074,-3.8895397,9
1,-0.37518108,-0.41261572,6
1,2.48419,7.261584,8
1,-5.341009,4.015876,5
1,-6.661727,2.1886816,2
1,-6.5434594,-1.8856521,3
1,-0.9980259,6.8591285,6
1,2.1034698,6.2725244,6
1,-6.539548,-2.1122448,2
1,6.0225735,-5.485817,9
1,4.1259212,2.917562,0
1,3.4187326,-1.4103398,4
1,7.222167,1.1862488,6
1,5.5564456,3.871132,0
1,-2.7071257,-1.7010703,5
1,1.6529284,-6.2348094,9
1,-3.38418,4.0620666,2
1,5.7484746,-5.883025,4
1,-6.354542,0.17383021,3
1,-5.784025,-0.370847,2
1,5.7393737,5.494789,6
1,1.6803215,6.382865,6
1,4.9456577,-6.1418195,9
1,-3.4671617,1.9307041,2
1,-5.512272,4.123927,2
1,3.011554,1.8590815,1
1,-2.267127,-3.406671,3
1,0.36411917,-4.3577557,7
1,4.9995236,-5.8619123,9
1,3.6271646,5.7064834,0
1,2.129913,1.5794139,8
1,3.731483,5.1968923,6
1,2.1028073,4.781641,8
1,4.9044223,-6.3218064,7
1,-1.0874718,3.330078,1
1,5.5396624,5.605858,6
1,1.0678259,6.30707,6
1,-6.7688737,-0.9833568,3
1,-6.572512,-3.7312493,3
1,1.4779385,-5.49588,7
1,4.148089,4.510097,0
1,-6.539882,-2.3921525,3
1,-7.285821,-0.63353187,2
1,2.2036786,6.94242,6
1,-2.6307528,1.7233274,1
1,3.7695668,-4.772924,9
1,-6.469551,-2.2612374,5
1,-0.768754,3.1193929,1
1,-4.565508,3.8292062,2
1,-1.0889062,4.403497,1
1,-1.2344899,2.5588064,1
1,1.1108906,-5.3287034,7
1,-6.7418056,-1.1535938,5
1,5.1876693,-6.8413506,7
1,0.30854893,4.8063593,2
1,-5.7448697,2.3533227,2
1,2.8749557,-5.1349735,9
1,3.893869,4.706763,6
1,3.576054,3.867453,0
1,5.1420407,3.962691,0
1,-6.543199,-1.5552726,2
1,0.38084686,3.4361267,8
1,1.1140163,4.857931,6
1,0.5668512,-4.814891,7
1,0.3312443,5.9697185,6
1,5.1700044,-6.531553,4
1,3.404992,3.5105283,0
1,4.0538135,-3.9700718,9
1,-0.71315503,4.5165806,1
1,-2.4551592,6.4779816,6
1,6.5139947,-1.5813825,4
1,-5.396096,-5.044529,3
1,-3.868434,-3.063331,1
1,-0.114464104,5.2265325,1
1,2.2906787,3.9883516,8
1,4.7408495,-6.4664636,9
1,-7.299999,-1.0046265,2
1,1.1224219,-4.5110884,7
1,4.298251,5.4049287,0
1,-5.343204,-5.3852997,5
1,5.1158767,-3.6257973,4
1,5.498927,4.2514315,0
1,4.5782638,-4.1034465,4
1,4.3483143,0.12610248,8
1,5.802743,0.50309956,4
1,4.5306864,-6.37602,9
1,-2.5008416,1.5908048,1
1,0.569739,-3.363028,7
1,-0.56893504,3.870348,1
1,-6.123128,-3.4993606,5
1,0.3107245,-4.2295923,7
1,-6.8211665,-0.8440272,3
1,5.104746,-2.0115697,9
1,-1.4223578,-0.20505238,9
1,-6.261478,-3.0810075,3
1,0.16132379,4.8402705,8
1,-7.008807,-2.0960484,3
1,5.682906,0.99460924,4
1,-6.5135646,-3.1986432,3
1,6.0532117,-5.17241,9
1,6.135786,-4.2886147,9
1,-0.7406664,3.9489431,1
1,3.6103828,6.2797074,0
1,6.508396,-4.0725303,4
1,3.3912227,5.4399934,6
1,5.6089773,5.7328157,6
1,-0.5517683,3.3549602,1
1,-6.6640906,-0.839359,5
1,-2.2759886,-3.3426378,3
1,-3.6538892,-1.290175,2
1,0.9144699,1.4835794,3
1,-6.9527507,-2.7776723,3
1,4.034626,4.0423994,0
1,-5.95314,2.1467717,2
1,-1.3835037,3.635108,8
1,-7.287586,2.6295533,3
1,4.2237167,3.5285344,8
1,0.3987563,2.9575074,8
1,5.8998795,-1.8540046,9
1,4.3337064,-4.9752703,9
1,-0.91239524,2.6978152,1
1,-7.0566444,-1.7536333,5
1,5.2693872,-6.3516545,9
1,-6.8971963,2.240076,2
1,4.0810037,1.9212956,8
1,-1.3090129,2.9954095,1
1,1.2039647,3.254176,8
1,1.4458425,-5.557515,7
1,-0.5394498,0.8080247,1
1,-6.9679446,2.095431,2
1,7.511215,-2.521745,4
1,5.6384892,1.2182589,0
1,4.4233294,3.8943362,0
1,4.551605,-6.651424,7
1,0.32066286,5.2988343,5
1,3.9559264,3.8768191,0
1,-2.725458,-3.3586812,5
1,5.0238953,-5.7073703,9
1,1.0798045,3.226437,8
1,4.1358075,-1.9484787,4
1,-6.4128737,-3.0158148,2
1,-1.6348562,2.7695882,1
1,3.8557143,3.964965,0
1,-1.3271897,2.9537177,1
1,-6.592722,0.2546638,2
1,-7.1783247,-1.7942011,5
1,4.585695,-5.3157372,9
1,-0.48801446,3.2130997,1
1,-6.2166295,-0.40236294,5
1,1.3946218,2.8306086,8
1,5.1302314,3.2961597,0
1,-6.360167,-3.7598186,5
1,4.178756,-3.1503928,9
1,4.8658667,3.9347792,0
1,-6.162072,3.4285378,5
1,-7.48687,-1.0692551,5
1,6.6336966,-4.2082696,4
1,0.20600414,5.942712,0
1,-7.481721,-1.9477897,2
1,-7.61944,-0.66643506,3
1,4.6549635,4.2413025,0
1,-7.183547,-1.5708222,3
1,1.6040545,-5.36052,7
1,0.47695467,1.3648195,8
1,4.486125,-4.548688,4
1,-1.0871781,2.9099765,1
1,5.3162217,-1.6263211,4
1,5.2819066,6.3438253,6
1,2.8607314,-6.6726074,7
1,4.629936,-6.076006,9
1,-5.9091873,2.0708609,2
1,-7.130739,-0.16708118,5
1,6.2230163,-2.0514102,4
1,-6.9877834,1.8054416,2
1,4.257738,4.5018315,0
1,-0.5664257,2.9710612,1
1,-7.0764804,-1.951968,3
1,-6.7172356,0.047462046,5
1,4.5425615,1.6786869,4
1,-6.883633,0.94305676,2
1,4.9408774,4.921456,6
1,-2.4095747,-1.0757887,8
1,2.6884298,4.7985587,6
1,-4.8403845,-3.768839,2
1,-7.579769,-0.6133657,3
1,4.898929,4.827789,0
1,2.589283,-6.696689,7
1,2.5388746,1.3209585,8
1,-0.81308293,3.110598,1
1,4.1498775,-6.17671,9
1,-6.4814262,-1.0840182,5
1,-1.8042538,-5.6783137,7
1,-3.8679404,-4.7980046,5
1,-0.3211801,3.2180405,8
1,-3.187636,3.0883026,2
1,3.643975,-7.1487923,9
1,-0.9560101,3.0480459,1
1,-1.2126355,1.4921877,6
1,3.8095613,-5.516798,9
1,-0.99043167,2.7833622,1
1,-1.0153574,3.0648587,1
1,-2.1869752,2.215745,1
1,-0.48754573,3.0503726,1
1,-0.6264335,-5.094324,9
1,-0.99206316,-6.3818126,9
1,-5.2480216,-2.5784914,5
1,-7.093535,-1.5235667,5
1,6.068244,-2.9184058,9
1,-5.307765,-2.5726502,3
1,0.25498182,-3.9614458,7
1,-1.4122086,-1.5163968,8
1,-6.27629,-4.028986,5
1,5.123316,-0.79421633,8
1,2.2680547,-5.643677,9
1,-7.6112537,-1.026403,3
1,-1.7589946,2.8443453,1
1,4.9666443,4.3760796,0
1,-6.8337297,-2.2826428,3
1,-1.0533711,3.3997073,1
1,6.2463393,1.016175,6
1,-1.965009,0.99676156,1
1,4.4107203,2.8992326,0
1,-3.1201558,-6.31521,3
1,5.9374237,1.1197872,6
1,-4.7654467,3.1994648,2
1,5.9266977,-4.601658,7
1,0.9612751,-5.867481,9
1,5.2224584,2.8054657,6
1,-7.3664494,-1.4042785,3
1,1.1534938,-5.816115,9
1,-2.2831416,-3.8133993,7
1,1.3787668,-3.179641,7
1,-6.8485174,-2.3546724,5
1,-0.81179285,2.7971854,1
1,-2.3046381,-5.3644204,7
1,-1.9261177,1.7215846,8
1,-6.9712257,-1.7537498,5
1,-2.205023,5.332784,2
1,-6.917172,-2.3578196,5
1,-0.6995411,3.2228367,1
1,5.7585773,-6.2560925,7
1,3.0140824,-5.708687,9
1,0.9699656,1.6746237,8
1,-1.1351376,3.5441551,1
1,2.6822715,-5.773593,9
1,-1.0472914,2.7903776,1
1,0.23553121,2.3979335,1
1,-1.4236662,3.1784973,1
1,4.167471,-5.3104672,9
1,6.2705617,-2.8014753,4
1,2.7159772,-6.071052,9
1,-4.216838,-4.9367194,3
1,4.6758213,4.611457,0
1,1.306729,-4.6061535,7
1,3.400812,-5.1098933,9
1,-3.9295602,4.2105255,2
1,4.2109947,-1.2583148,9
1,1.4644053,6.2463517,6
1,2.4314532,3.1629355,8
1,-7.083385,-1.3827949,5
1,6.553644,0.7974104,6
1,4.9441123,4.7920732,0
1,5.9154034,3.1352699,0
1,4.6040497,5.3658276,6
1,-1.3980174,2.7318325,1
1,-5.940165,0.8325423,2
1,-0.5273434,3.0285435,1
1,4.1300864,2.760037,0
1,-0.7378948,3.1972113,1
1,-6.9451957,2.1589975,2
1,-0.8006245,3.9625356,1
1,2.3376842,-6.135294,9
1,2.7854853,-6.021775,9
1,-1.2771807,2.88008,1
1,-0.79085267,3.087183,1
1,-0.83621645,2.9652808,1
1,5.0887804,-6.260282,9
1,-1.8086085,2.8072019,1
1,3.4972858,6.1646957,6
1,3.3327553,-6.163687,9
1,0.5081238,-1.1751664,4
1,0.35937327,4.9542594,6
1,5.919424,-3.934914,9
1,3.710898,-6.5644145,7
1,3.7707942,4.27422,0
1,-6.6543984,-2.27282,3
1,4.6944985,3.865302,0
1,-7.115621,-1.5245442,5
1,2.966871,6.5999537,1
1,5.1140776,-4.8822446,9
1,0.07406175,4.2514606,6
1,6.984299,-0.8565138,6
1,-1.06506,3.4209113,1
1,-0.5156988,3.631868,1
1,-7.439246,0.16357726,2
1,-6.8610716,-0.6268924,2
1,-5.7415166,-2.2940094,3
1,-7.064634,-0.0034529567,5
1,-0.17092168,7.3391805,2
1,4.749728,-4.7949033,4
1,3.2015347,4.9345984,6
1,4.241809,3.6319427,0
1,5.4170814,-6.1675973,9
1,7.84743,-2.2089198,9
1,-6.7700176,-2.8481002,5
1,0.33040178,-4.5961585,8
1,-5.9811273,2.0756783,2
1,5.4462085,-2.3145509,4
1,3.371791,-1.1076431,4
1,2.600666,4.9901843,0
1,-3.218153,5.256369,2
1,-4.773248,-3.2770727,2
1,-6.517767,-1.4251957,2
1,5.435362,3.8602722,6
1,3.9670942,3.0242233,0
1,5.55714,-1.9376462,4
1,-0.6389427,3.5458834,1
1,3.2382164,4.208938,0
1,-1.3098831,2.987166,5
1,1.4119477,-5.3524117,7
1,-6.163601,-2.4756906,5
1,2.1352806,-5.181651,9
1,1.8906041,-1.1698029,8
1,3.7649932,0.34433174,8
1,3.8581138,5.9710765,6
1,-3.6732879,1.2442783,8
1,-7.3671885,-0.123684704,5
1,-4.9587307,-3.935717,5
1,-7.784155,-0.58128804,3
1,3.932055,-4.9487667,9
1,5.633897,-4.9821095,9
1,3.5838642,3.0602362,0
1,4.4665384,-6.7900147,4
1,-7.360899,-0.8896361,5
1,4.5788116,2.7079961,0
1,5.7208962,-5.0722017,9
1,4.3544126,-6.41873,4
1,-3.3298087,-0.25068557,2
1,-6.3138046,-1.5975826,5
1,-5.2502475,-1.2530227,5
1,-6.9412518,1.4370744,2
1,5.0092216,-0.81437236,4
1,-6.229507,-3.186682,3
1,-5.588703,3.3129752,2
1,2.5209255,-5.782217,9
1,-2.0812418,5.1130424,6
1,-6.3990192,-2.9798932,3
1,5.4860907,-4.4514527,9
1,-7.651064,0.80669224,5
1,3.6009223,3.8649528,8
1,-6.862241,-2.9256523,3
1,0.35503423,4.5829606,6
1,0.9533823,-4.5300584,7
1,0.16507244,-5.599154,7
1,4.12646,-2.7496662,4
1,-1.9507933,2.4724836,1
1,-1.7625444,2.2657495,2
1,-3.7143621,3.2600462,2
1,1.7285697,5.217343,6
1,7.260146,1.8277228,8
1,-3.7658997,5.18862,2
1,4.3847275,0.13924503,8
1,0.82359457,-4.050281,7
1,5.8897634,4.353697,6
1,5.378387,-3.197131,4
1,4.526334,-0.50305885,4
1,4.826241,2.191678,0
1,4.703394,-2.1051629,4
1,5.369544,-3.3165402,4
1,3.8279889,-6.6641855,9
1,2.808638,-6.034241,7
1,-7.464266,-0.71430176,5
1,-6.9613357,1.4528918,2
1,-5.914079,-4.165635,3
1,-7.110502,0.22839803,2
1,1.6465862,5.4432945,0
1,-5.5037265,2.246837,2
1,3.3098433,-5.2561803,9
1,4.9651923,-4.684642,9
1,6.2522044,-5.4707303,9
1,3.8194485,5.8498054,6
1,4.008228,5.689282,0
1,4.8487453,6.769134,0
1,-2.6823857,-3.3821273,5
1,-6.784914,-1.9936345,5
1,4.263157,-5.4117,4
1,3.9946282,4.6033907,0
1,1.264042,6.5514083,2
1,5.7284365,1.8347902,4
1,-1.7989693,2.5627542,1
1,5.493357,-4.1312647,4
1,3.1752646,-6.135048,9
1,-1.0307999,3.8605962,1
1,5.483339,-5.8393555,4
1,-5.700479,-2.7524776,5
1,0.26979816,-2.7594492,2
1,5.5188756,-3.7419128,4
1,1.5729215,-5.8123136,7
1,-0.46465504,0.9406198,8
1,-7.081148,-1.5489378,5
1,1.0948462,-5.0846643,7
1,4.421726,0.32559356,8
1,-5.4774485,-0.63672894,5
1,-7.651758,-1.4605961,3
1,-6.610895,-2.939678,5
1,6.663518,4.784085,0
1,0.0713886,4.178672,1
1,-6.2845216,-2.640724,3
1,0.62081087,2.9614148,8
1,-4.862591,-4.740316,3
1,-3.5189695,-1.1205001,2
1,-7.2693214,-1.114609,3
1,-6.1832094,1.3959718,5
1,-5.208716,0.10188973,5
1,-0.49076295,4.0159655,1
1,-7.384591,1.2088622,2
1,-6.115708,-0.31672376,5
1,-6.852729,-0.3821783,5
1,-6.9133744,-3.2364743,3
1,-7.1222878,1.0921803,2
1,-7.123728,-0.5688345,3
1,-1.7937756,1.0390638,2
1,5.257566,-4.2702813,9
1,-1.1776736,3.3864775,1
1,4.1370316,-5.374386,9
1,-5.8763337,-2.151484,2
1,4.466134,-4.553328,9
1,3.491947,2.6421466,8
1,-7.4475527,-1.0682774,3
1,-1.582871,1.872042,8
1,-1.0832636,3.0178483,1
1,-7.3759193,0.6588781,3
1,-6.1019716,-4.017892,3
1,4.333202,-7.129926,9
1,1.7731528,-5.156104,7
1,6.812413,-1.8297582,4
1,-6.914889,-0.7639168,3
1,-7.5999117,-0.2895317,3
1,4.9694886,2.8164485,0
1,-5.754084,3.054868,5
1,-7.0181756,-1.117321,5
1,-7.0730834,-1.0769658,3
1,3.3591723,-4.9222746,9
1,-1.1175909,2.9750168,1
1,-0.10330731,4.2414255,1
1,-1.3660457,3.0061247,1
1,1.4057698,-4.875488,7
1,-0.45715165,2.4860206,1
1,5.9325995,-5.9610696,4
1,-1.1086354,3.517578,1
1,6.9150853,-4.588993,9
1,-6.507698,3.1185706,2
1,0.29593933,2.2663348,8
1,4.190897,3.3874316,0
1,-6.5981526,-2.2613938,5
1,-2.7240534,2.233761,2
1,-1.953814,6.72551,2
1,-5.829728,4.0195537,2
1,-0.98241735,2.919009,1
1,-1.319202,3.1727228,1
1,4.612073,-5.087415,9
1,0.19010061,-1.140738,8
1,6.3163705,-0.35635453,4
1,4.500589,2.9900277,0
1,-1.6045918,2.1261098,1
1,5.1497083,0.7568829,0
1,0.62094116,-5.166037,7
1,-7.1067758,-0.9368511,5
1,-6.9512033,-2.4892554,5
1,-1.537699,2.9734228,1
1,-1.9224443,0.11556643,1
1,-4.945649,3.2478995,2
1,7.0573153,-2.3712704,9
1,-0.120239735,-6.383621,8
1,-5.41728,-3.2198155,3
1,-0.4856466,3.9438534,1
1,4.368132,5.451492,6
1,6.2549696,-4.7878857,9
1,-7.549432,-0.7727091,2
1,3.849767,4.1406655,0
1,-0.8014816,-3.900569,7
1,-7.2348986,-1.7498715,3
1,-6.759183,-2.6602373,3
1,-7.0190754,-1.2956583,3
1,-7.0354924,-1.885133,3
1,4.4210815,3.8847084,0
1,1.0005132,5.1477866,2
1,1.1228573,2.164982,0
1,-4.9603057,-3.235712,3
1,-0.67566025,2.2880847,6
1,3.972464,3.297836,0
1,-7.200015,-1.0895808,5
1,5.16062,-6.9879684,4
1,1.0426549,-5.1490316,7
1,-1.2361882,3.1031024,1
1,-5.068386,3.6768768,8
1,-6.8461046,-1.9834921,5
1,4.3587503,-6.467026,9
1,-7.192954,-1.4684057,3
1,6.3515234,-4.5661054,4
1,5.2472057,3.8591015,0
1,5.0359807,1.9926248,0
1,3.621613,5.8179727,4
1,3.5644164,-6.294493,9
1,7.266121,0.1021291,7
1,3.9693584,3.7430694,0
1,-5.3966045,3.0755024,2
1,-6.9828267,1.299026,3
1,-2.252757,-1.9838588,2
1,5.226554,5.8488507,6
1,-6.3666067,-1.945003,5
1,-1.3757184,2.9710333,1
1,0.09387338,4.463514,8
1,-0.6652961,3.760734,1
1,3.811786,0.049613,9
1,-1.5429995,3.015661,1
1,6.0537047,-4.5855637,9
1,3.614133,-1.5126653,4
1,-6.2627325,-3.7428575,3
1,2.8018436,2.1101377,8
1,3.9314976,-5.132381,7
1,-0.31159437,-3.5490108,8
1,-6.46359,0.7048033,2
1,4.2558804,2.675828,8
1,4.9722323,-5.3172436,4
1,3.359567,4.186258,0
1,-6.2810926,2.4732893,2
1,1.7280788,-5.815698,7
1,-3.2369294,0.043973148,8
1,1.1916529,-3.3748577,4
1,-6.699974,-1.4405735,5
1,4.2522435,4.478246,0
1,-0.052092075,2.8231785,1
1,2.3039367,-5.0449896,7
1,3.254517,0.28668278,8
1,5.288022,-3.6336436,4
1,2.0925443,3.0832741,8
1,-4.6859355,-5.2033815,5
1,5.4467874,-5.604474,9
1,0.7935046,-4.9196157,7
1,7.190793,4.654069,9
1,-7.170845,-1.2368689,3
1,-5.5063124,-5.353865,3
1,3.9567492,4.370458,0
1,1.7373683,-5.6186137,7
1,5.458101,-4.837523,4
1,-0.23990333,-0.557506,8
1,-6.334814,1.4867551,2
1,6.4290605,5.0769367,0
1,-1.4812965,3.527606,1
1,1.0948068,5.889765,1
1,1.919511,-5.127849,7
1,-0.9189416,2.8792493,1
1,-2.4316967,-5.1183367,9
1,-6.650595,-0.89839715,5
1,3.3363278,0.120107055,8
1,5.0049872,3.7885613,0
1,-5.7181544,3.4883096,2
1,-0.0329926,0.47457686,1
1,6.8058534,-2.6942978,4
1,-7.5129595,-0.3684672,3
1,5.5068336,-3.7016654,9
1,-1.4613373,1.9235485,1
1,6.158741,-5.8949013,7
1,6.75764,-3.7690763,9
1,-1.7796144,3.1933506,1
1,4.2020802,3.6077678,0
1,-5.563913,-1.9270494,8
1,3.8500159,3.4047577,0
1,-6.6353602,2.0108097,2
1,2.9073136,5.515932,6
1,4.6456795,-7.1912436,7
1,4.651138,5.6032896,6
1,-5.302127,-2.5080168,5
1,4.1746874,4.1355443,8
1,-2.2139902,0.47215533,8
1,-6.7497935,-2.7940261,3
1,4.5794697,-5.636312,9
1,-1.1550858,-1.1534555,8
1,-7.392976,-1.9562497,5
1,-1.0839245,5.711591,6
1,5.3288636,4.4936976,6
1,1.6294149,4.4698763,8
1,6.333918,-5.082806,4
1,3.0920134,-0.27987695,8
1,4.661997,-1.4203348,4
1,4.336158,-4.4356503,9
1,-0.71695125,3.2585497,1
1,-1.4685941,2.0439634,1
1,-1.4265642,3.1279233,1
1,3.8034315,-0.93216425,8
1,1.7822676,6.247984,6
1,2.9346714,-5.7132125,9
1,-1.0377316,3.7481236,1
1,-1.4902377,2.6010447,1
1,0.21973145,0.6867626,8
1,-1.2071326,2.9226367,1
1,-0.99355817,2.4619205,1
1,-6.743079,-1.4092498,2
1,5.856881,-4.2390223,4
1,-6.4600635,-2.5245128,5
1,4.523904,4.2138233,0
1,5.899486,-2.491893,4
1,2.0149636,-0.46801883,8
1,5.76179,0.26285702,4
1,-1.5177898,3.356011,1
1,3.9698489,-5.7081404,7
1,3.517282,-6.717191,9
1,-7.5681047,-1.3809013,3
1,2.1984863,-5.8317156,9
1,-7.5769396,0.3414402,5
1,4.9752827,-0.5660232,4
1,-7.713916,-0.54323536,3
1,1.6789324,-6.042622,4
1,-5.4530354,-3.000719,3
1,3.1759067,3.8514636,0
1,-1.7982252,-4.480069,7
1,3.3265882,4.749486,6
1,-6.386866,0.35669085,2
1,3.3872416,-7.230926,9
1,-1.0982125,3.7508051,1
1,3.8856993,6.2308154,0
1,0.324584,-4.854772,7
1,-7.5869207,-1.1803763,3
1,-3.9286828,-3.205855,2
1,0.9424204,-4.5660005,7
1,5.7111444,0.713205,6
1,2.9733784,6.933154,8
1,5.424827,-3.6321158,4
1,-7.246889,1.7488239,2
1,4.5995655,0.5989675,4
1,0.9403206,-1.3317738,8
1,-1.3616083,-6.1744647,7
1,0.37074077,1.6414833,8
1,2.322175,2.4086316,8
1,1.2698715,6.2459183,6
1,1.0017427,-5.5184784,7
1,-5.544017,3.6383348,2
1,4.457751,-5.032658,4
1,1.2980597,-4.780491,7
1,5.5776496,-6.269434,4
1,1.9575701,3.9959943,0
1,-6.6298623,1.8122988,3
1,-7.038714,-1.9722965,3
1,3.229027,4.0719094,0
1,1.8706102,-4.8476386,7
1,-3.0690367,-6.5096955,3
1,0.14705724,-4.865321,7
1,-0.8655329,2.895867,1
1,-0.7309469,-4.656544,7
1,5.708285,-4.5404253,4
1,5.8670416,-4.8185816,4
1,-1.3525474,2.711195,1
1,-1.1056298,6.637795,6
1,-7.096867,1.048496,2
1,-0.27877843,-5.086428,7
1,-0.28993106,-3.4248734,7
1,2.5827818,6.9282517,6
1,3.6975892,-2.454597,4
1,-5.166676,0.16161641,5
1,3.4272275,-1.8556466,9
1,-0.068329275,-7.067833,8
1,-4.362308,-0.86657685,7
1,-7.097254,-0.8501212,5
1,-0.35099328,3.8766584,8
1,-5.027192,3.5923133,8
1,4.940641,-0.5467867,4
1,-7.0319514,-1.626261,3
1,-1.2997127,3.263485,1
1,6.6190205,-5.4463363,9
1,-7.2373676,-1.509521,3
1,-7.332611,1.130235,2
1,-7.0124774,-2.891182,3
1,-6.8101006,-2.8838856,3
1,0.79821265,-5.5002675,7
1,-6.920156,-2.5853086,5
1,-0.74945676,2.7131531,1
1,6.246996,4.240088,0
1,-2.1071143,4.6029935,6
1,6.7819886,4.6588087,0
1,0.17912221,6.4307017,6
1,-4.494336,-0.51257306,5
1,1.9703289,6.7260914,6
1,3.0055745,6.874226,6
1,-1.0520539,4.057561,1
1,4.6985073,5.139776,0
1,4.451005,-5.8158245,9
1,2.6806493,1.588217,0
1,-3.1707282,5.8675466,8
1,-5.375556,-3.655426,9
1,3.834937,-6.72587,9
1,-2.8399923,-6.4019213,5
1,-6.4359074,3.093913,2
1,1.8826009,-5.641595,9
1,-3.934938,1.8975525,2
1,5.0923576,-6.11241,9
1,3.444329,-4.0778956,4
1,-7.4657497,-0.037926376,5
1,-7.2430553,-2.1334887,3
1,5.1323166,-1.0594244,4
1,-7.6481133,-0.068820715,3
1,1.6567899,3.553956,2
1,0.5553079,6.2341805,6
1,5.84903,5.58033,0
1,-1.1543283,3.0391443,1
1,5.886677,4.9139147,0
1,-4.8846545,-3.7819285,5
1,-5.932052,-3.3485074,5
1,-6.552653,-3.4212222,3
1,-0.63184226,4.3310084,1
1,-7.2968493,-1.6743889,3
1,-6.7384458,1.9178257,3
1,5.1960573,-6.1176243,4
1,2.0722914,0.26471815,8
1,-6.5015974,-1.8103495,2
1,-7.447299,1.2394931,5
1,5.4317694,4.759838,6
1,4.796447,-0.9557552,4
1,-7.4036255,-0.1691854,3
1,-0.69717646,2.5237377,1
1,-0.29655504,-3.793088,8
1,3.1299932,-4.637824,9
1,-4.0352197,3.510539,2
1,5.5215406,-3.872136,4
1,-3.3452573,-3.9448767,5
1,-7.1942434,-0.8433289,3
1,2.0691347,4.701634,8
1,5.338283,5.3909154,6
1,4.7057858,3.4192412,0
1,1.199292,-1.3787639,8
1,-1.4255707,3.4664423,1
1,-6.5577636,0.26244622,5
1,-1.8784723,3.185492,5
1,0.63881004,-4.899624,7
1,1.3006276,-4.7936177,7
1,5.6871467,3.0200155,0
1,3.6698866,3.9328206,6
1,1.8813378,6.4176593,6
1,3.3589287,4.12495,6
1,4.619181,5.311368,6
1,-0.7825972,2.974357,1
1,-7.5091524,-0.20609498,5
1,3.2034237,1.1462915,8
1,3.904571,-2.9342341,0
1,-6.7530355,-2.0336468,5
1,-5.8986936,-1.7410154,3
1,5.1396036,4.0272126,0
1,5.1107526,4.081249,0
1,-1.5985801,-3.8180375,7
1,0.8526028,-4.458528,7
1,-6.4769645,-2.1724105,3
1,4.4294453,2.6031702,0
1,3.245848,5.145808,6
1,2.9540622,3.982541,0
1,4.347087,3.5460248,0
1,-1.7206001,-0.4721138,5
1,6.0120664,-4.140856,4
1,-4.579302,-3.4869003,9
1,5.3935375,5.01436,6
1,-4.4269724,-3.012888,2
1,-0.16745937,-3.187678,7
1,-6.8533893,-2.3899362,3
1,-1.2329252,3.3827257,1
1,3.3057847,6.7884364,6
1,1.6195738,3.652614,6
1,1.3237648,0.27053687,8
1,-2.232271,-1.3261068,8
1,4.285822,-4.42481,4
1,-4.2888823,2.569946,2
1,-0.5420828,3.0059204,1
1,0.29823458,-0.91438264,8
1,3.140002,-3.2936223,4
1,3.6357095,1.7364674,8
1,-6.2392187,2.849773,3
1,5.3623505,3.2778442,0
1,2.8710814,4.09891,2
1,-7.2078247,1.5380971,2
1,-7.559162,-0.93144864,3
1,3.5336528,-4.881933,9
1,-0.850971,5.4222937,2
1,3.4209304,3.863129,0
1,-0.97795236,2.8760793,1
1,-5.7842097,-3.5107346,3
1,-5.4643664,-2.097126,3
1,4.786171,-5.0372524,9
1,6.3959603,-2.6696165,4
1,-5.868159,-2.0194511,5
1,-0.9008155,2.540872,1
1,-7.359228,-1.9777753,3
1,-3.5625792,4.5109205,2
1,1.4913085,3.5332735,8
1,4.6690917,-3.183865,4
1,-1.2872989,5.897147,2
1,6.8382273,-1.6861417,4
1,4.701087,3.5036006,0
1,4.810789,5.8185697,0
1,-2.244171,6.178975,2
1,-7.423935,0.25320396,3
1,3.2329693,1.7232428,8
1,-5.760806,2.4918687,2
1,3.5433202,-5.341616,7
1,-4.0364494,4.3038635,2
1,-7.0983787,1.7166235,2
1,-1.4382839,2.3289397,8
1,-3.1972446,-4.9411044,5
1,1.0306921,5.689379,1
1,2.875741,4.9614134,6
1,-0.579013,-3.8400698,7
1,-1.0059348,-4.9659863,7
1,-0.2880875,3.7451952,1
1,-2.4162796,-2.9944003,8
1,0.7182455,-6.8955607,9
1,5.377139,-5.627678,4
1,6.1413226,1.7786944,6
1,-4.5917273,-0.29066926,5
1,7.361986,-1.4877977,4
1,-7.3759375,0.012580514,2
1,4.937816,-4.3099585,9
1,-0.05467856,-0.7857197,8
1,5.1589465,-2.3327568,4
1,5.3360057,-5.30391,9
1,1.716825,1.6782868,2
1,-7.29239,-0.63990074,3
1,4.126639,2.6891844,0
1,-6.150276,2.9308424,2
1,0.6493412,4.2315097,6
1,6.7914143,-3.751265,4
1,-6.8437986,-2.926743,3
1,-7.475197,-0.9089417,3
1,3.6741412,5.7967668,0
1,-0.84333074,3.4133942,1
1,4.8916135,-5.8444676,9
1,6.5974026,-1.4775975,0
1,3.4432561,-5.346154,9
1,-7.438573,-1.4272897,3
1,0.044024467,-2.6855175,8
1,-2.3143408,1.6623752,1
1,3.176956,3.4769247,2
1,2.981916,-5.992985,9
1,2.2425754,4.6484723,6
1,-2.380468,-0.5491511,7
1,-0.9908383,3.7609282,1
1,-6.741189,-3.19486,3
1,2.0436237,-4.788339,7
1,3.155331,3.4661155,8
1,-0.37976193,4.679022,1
1,4.905315,3.760324,8
1,3.2557425,-4.5034885,9
1,-6.742776,-2.1289964,5
1,4.3944554,5.8765755,6
1,1.3659756,-3.2352448,7
1,-2.0531015,3.011976,2
1,0.7539686,-4.7179565,8
1,1.5489545,5.948728,6
1,5.760062,2.7598078,0
1,-6.3653975,-3.0938494,3
1,4.0092664,-6.2387295,9
1,-0.5739535,-2.122796,7
1,0.84044325,-3.1396685,7
1,5.4889655,-6.5905685,7
1,-7.617632,-0.4723845,3
1,4.8386474,2.5381663,6
1,0.15106052,1.7062733,4
1,3.75514,-6.6337314,9
1,6.394927,-3.0154026,4
1,7.1764126,-4.033158,6
1,-1.4544995,-4.1355605,2
1,6.5564127,0.30850294,9
1,4.2638435,2.7930002,0
1,3.2548442,-7.2188916,9
1,6.469706,3.4049857,6
1,-6.697819,-0.23806196,5
1,-1.2374759,2.7582698,1
1,3.6936178,-6.4495263,4
1,7.2239103,-3.6249542,4
1,-7.4901505,-1.9865615,3
1,-4.3628197,4.3084874,3
1,5.7348433,-5.1970544,4
1,-6.1951585,1.5083599,2
1,3.7154298,-0.7421647,9
1,2.1582627,1.0691402,8
1,-2.6196535,-5.237743,7
1,6.2398567,-2.2416542,4
1,2.7581341,-5.99787,9
1,4.329817,4.3000593,0
1,2.1149445,3.0441,8
1,-0.5623976,-4.909092,7
1,-6.792942,-2.55033,5
1,-0.6563345,2.849703,1
1,4.320876,1.9895015,0
1,3.282765,1.8645315,0
1,-3.064878,5.563682,2
1,2.627789,-5.371361,9
1,-6.414621,-1.2293608,5
1,5.0361485,-7.1288266,7
1,-2.0685587,-4.62602,7
1,2.4873776,6.844911,6
1,6.898603,-2.740587,4
1,0.5208918,6.9563565,6
1,6.712649,-3.9974031,4
1,4.5374618,7.4924426,6
1,1.7142305,-6.084717,7
1,1.2862968,0.5575333,4
1,0.9712117,-0.5411816,8
1,1.696876,6.084513,6
1,-5.8168135,-0.99248594,5
1,-5.198372,4.2625885,2
1,-7.440419,-0.017814279,3
1,-4.3298097,2.6026316,8
1,8.2628,-1.981154,4
1,-6.0690722,-1.18578,5
1,-6.9675183,-1.3174093,5
1,2.4728992,4.24771,0
1,4.6576543,6.6525583,6
1,-2.228058,2.0829215,5
1,6.870234,-4.2924786,4
1,-5.965925,1.5966349,2
1,6.2472105,-5.9411697,9
1,5.0322843,4.314364,0
1,0.9073776,-4.578853,7
1,2.0863056,-0.24190402,8
1,-0.18992579,5.660592,6
1,1.7786806,6.91344,6
1,-7.1855116,-1.5311759,3
1,2.4714403,-5.503343,9
1,7.016561,4.721071,0
1,3.9093468,3.9298115,0
1,2.8836377,-5.7725444,7
1,-6.3657036,-2.3142843,3
1,-1.1209888,2.9085824,1
1,0.22403336,0.5365059,4
1,1.1050205,-4.8195596,7
1,-0.91293013,3.1425972,1
1,2.3624883,-6.0582666,7
1,1.005311,3.3494427,8
1,0.39137125,-6.0834503,7
1,2.9344482,-5.5788817,9
1,3.9969914,-6.4153223,9
1,-6.9810762,-1.1576159,3
1,1.0488105,-5.2365413,7
1,-7.183259,1.0186719,3
1,-6.5859866,-3.2174056,3
1,-2.0200312,4.061271,2
1,5.8129797,-4.7823553,4
1,1.6809764,5.5545473,8
1,-7.447543,0.28450647,5
1,-7.1201925,-0.8991242,3
1,-3.6776805,5.0049,2
1,2.4745893,5.4695096,0
1,-7.246605,-1.1540189,3
1,4.080861,-4.8389616,4
1,3.738285,6.415812,6
1,-6.973057,-1.1367226,2
1,1.8594993,-5.2276287,7
1,-6.4018474,-2.6907275,3
1,-0.86298084,4.467716,6
1,4.5216684,6.9930573,6
1,2.2063031,4.7132382,0
1,-1.6436517,2.9507813,8
1,-6.030027,-4.393738,2
1,-6.8705277,-0.75378793,3
1,-0.85809255,-2.1455054,5
1,0.8386162,-5.739746,7
1,0.738267,2.1124723,8
1,5.256977,-1.8588288,4
1,4.5586076,-5.5897317,7
1,-0.3986634,4.247839,1
1,1.210041,4.071921,6
1,3.8592787,4.562906,0
1,-7.5559225,-0.20774835,5
1,-7.514798,-0.2839797,3
1,-6.5185814,1.7442634,2
1,-5.079776,3.446347,8
1,5.668389,2.4382796,0
1,-6.6136103,-2.4605558,2
1,-0.7976855,6.852279,6
1,4.323931,5.9306035,6
1,-5.002627,-5.518379,5
1,3.4085615,-4.618852,4
1,-6.969397,0.7586305,2
1,0.2259242,4.6271033,6
1,2.7247558,6.386186,6
1,-0.97179973,4.498609,2
1,-7.3200445,0.002190888,3
1,6.4881854,3.379249,6
1,-0.84527075,2.904388,1
1,6.4212546,4.342552,0
1,2.286811,4.6910396,6
1,-0.045118988,2.8989863,8
1,0.092613995,-6.0800123,5
1,-0.60186815,3.2089574,1
1,-5.30545,-2.027244,5
1,3.2869306,0.2565878,8
1,1.6598518,5.7510686,8
1,4.6496506,5.6398096,6
1,6.021836,-3.4655728,4
1,-4.4653935,-1.2738218,8
1,3.6350877,3.23944,8
1,4.98607,-3.3306334,4
1,-0.7243748,2.9890683,1
1,-6.949907,-1.7157199,5
1,-3.508575,-5.641794,5
1,5.074505,-6.8630614,9
1,1.1549944,4.2830296,6
1,4.7183847,-7.071234,9
1,-2.3874938,1.2710352,1
1,0.07561678,-4.893312,7
1,5.4776173,-2.7436671,4
1,1.6819155,-1.178657,8
1,0.53652185,7.1067967,6
1,3.7187052,-0.8791978,4
1,-6.341847,0.9874159,8
1,0.90346754,1.9804676,2
1,5.932576,-6.177645,4
1,-7.571123,-0.20544934,5
1,-1.1967373,2.8844566,1
1,3.4380572,5.662717,6
1,2.0943487,-5.6441073,7
1,5.147469,0.8453517,4
1,2.0439472,-5.5306983,7
1,-2.5148308,-6.2194996,5
1,1.1511638,7.140499,6
1,0.55523396,-5.581579,7
1,-3.3499799,5.715221,2
1,1.8044419,5.018465,8
1,-6.7863784,0.013566136,5
1,4.7453594,3.524366,0
1,4.0949564,-4.218431,9
1,2.6509395,6.4294677,6
1,-5.994247,-3.5729418,3
1,-1.0463173,3.5397754,1
1,-0.7160132,3.5114183,1
1,2.8504667,-5.2261043,7
1,-7.7273693,-0.09473795,3
1,5.563974,-6.2355084,4
1,4.5385303,-3.1922882,8
1,-0.2536137,5.222421,2
1,5.0200047,-7.149536,4
1,3.4251804,3.4926655,0
1,0.37899774,5.7854605,1
1,-1.512908,5.4069843,5
1,-6.8082666,-1.6443064,3
1,5.905142,2.9798179,6
1,-7.316121,-1.778364,5
1,1.0056983,1.4534342,8
1,-1.245852,2.4222033,7
1,4.9207196,-3.540928,9
1,-6.3766146,-1.5565989,5
1,5.260743,-6.033034,9
1,0.34637207,-5.3986173,7
1,3.9160357,-0.19990474,6
1,-1.3564565,2.837799,1
1,-0.6088098,-0.4949934,8
1,4.0054283,6.510305,6
1,-6.8456173,-1.6830788,3
1,-6.8163934,-2.145435,3
1,-2.4110818,-4.37219,7
1,6.3425446,3.2803776,6
1,3.7771268,1.9809632,6
1,-0.13184512,3.298903,1
1,0.01778394,3.9961712,1
1,-5.5001817,4.133104,2
1,-4.1692314,-3.5884094,0
1,-7.390772,-1.7019336,3
1,-1.3534851,-4.0390306,7
1,5.362541,4.0440955,0
1,3.5351768,-6.90326,7
1,-4.562815,-3.580472,3
1,-4.688216,1.1661255,5
1,0.49325177,-4.481233,7
1,5.797912,0.41358626,4
1,-6.979204,-2.115526,3
1,1.3273997,-3.8594222,7
1,-7.2439566,0.6399832,2
1,-7.49582,0.4508092,5
1,3.2198136,-6.4950843,9
1,-5.588408,-2.5990937,5
1,-6.0404754,-4.3190913,3
1,5.532048,-5.676717,9
1,0.46887976,5.0887833,8
1,-1.2487202,2.935648,1
1,4.338172,1.2013454,0
1,4.063567,-6.5518107,9
1,0.77165216,1.5400662,8
1,4.9234614,4.6969066,0
1,1.9128474,0.26705787,8
1,-5.452606,-5.1249895,3
1,6.0932126,-4.7737393,9
1,0.5243701,1.4336207,8
1,-6.595683,-3.3768923,3
1,-7.1510916,-2.407786,2
1,3.852968,-6.841775,9
1,-1.5263989,5.5610414,6
1,-0.9506875,1.0036665,8
1,5.3679314,-4.318394,4
1,-1.2690034,2.7596338,1
1,2.2063377,0.6387723,8
1,4.2568855,4.017021,0
1,-7.0412493,-1.0688474,3
1,-7.2091885,1.0814015,2
1,-5.981207,-2.727961,2
1,-0.45339715,3.4448571,1
1,4.141014,-4.967003,9
1,-1.4228747,3.719665,1
1,3.0997074,3.242613,0
1,4.26638,4.2648873,0
1,-6.831924,-2.8854783,2
1,-1.1080017,-6.4122977,3
1,4.7755547,5.315137,2
1,3.829964,4.233922,0
1,-6.4132004,-3.2529109,3
1,3.7148461,3.6406157,0
1,5.4006104,-5.2719913,9
1,4.547434,3.4161966,0
1,-1.1593764,2.9678612,1
1,-7.5374413,-1.30532,5
1,5.793343,-2.1537986,4
1,-5.9577723,-4.1058555,5
1,7.574613,0.22846442,8
1,0.09208363,-5.189889,7
1,5.285121,-3.2178292,9
1,-6.008743,-3.3977969,5
1,2.6157217,3.26164,8
1,4.4911947,-4.829143,9
1,-3.3363523,-4.735037,2
1,2.2654042,-5.5039167,7
1,-6.4370027,-3.5001626,3
1,-6.483994,-2.3359406,3
1,-0.802214,-4.869145,7
1,-7.215619,-2.2369192,3
1,5.8863997,-4.2054386,4
1,-4.259995,-3.2082598,2
1,7.2820773,2.9421692,6
1,-6.7290215,-2.5682395,5
1,3.8449793,6.483254,0
1,5.604659,-5.0461884,9
1,-6.7947125,-1.478462,5
1,5.200943,4.042603,4
1,1.0103445,-3.860942,7
1,-5.7945642,0.045509934,2
1,-6.2465105,-0.9123334,7
1,-3.8462415,4.7592516,2
1,4.4671464,-2.7818024,4
1,2.0937505,7.358299,6
1,3.4475195,-4.6403093,5
1,2.4805706,-6.6410737,9
1,3.1986654,2.0730839,8
1,-3.136292,3.0947113,8
1,4.791633,5.637135,6
1,-6.8230667,-2.0691926,3
1,6.638932,-3.1808195,4
1,-1.217752,3.104137,1
1,1.9599104,6.3697786,6
1,2.16994,4.2736616,6
1,-7.304142,-1.102145,3
1,3.9291112,-3.9178925,9
1,2.880674,0.39320537,4
1,-6.750268,-2.0071557,5
1,5.1951594,-6.3756375,4
1,-0.7604332,3.348613,1
1,-1.5061879,-4.3427863,7
1,-5.1639395,4.0888834,2
1,3.9939985,4.134772,0
1,-1.269918,3.0599937,1
1,-1.1345727,3.4059377,1
1,0.31834447,-3.2855744,7
1,6.705079,-4.360458,4
1,-1.5530307,3.5804138,1
1,-6.9171405,-3.0153286,3
1,-2.8713727,3.3885677,8
1,0.7298817,-5.242512,7
1,5.311313,-4.0627728,9
1,-5.694836,0.8781949,2
1,-5.8907247,-2.6566768,5
1,2.6291986,-5.7021093,7
1,4.3510323,3.9478836,0
1,4.51864,2.960659,0
2,-5.963095,-4.012917,1
2,-2.3687928,0.749384,7
2,-1.8643754,7.8525124,2
2,-3.2226396,-0.40053517,7
2,-2.5848804,7.443985,2
2,-3.6412878,7.3661413,2
2,-5.5222945,-3.8417032,1
2,-1.4381311,5.111636,4
2,0.3932318,-1.592891,9
2,-2.3303764,-2.5675523,3
2,-5.7450657,-3.4921417,1
2,3.6194868,2.0146847,4
2,-0.97313434,2.917683,0
2,0.744305,0.4868766,7
2,-5.1914773,-3.5570586,1
2,5.752494,0.7996138,5
2,2.2730925,-1.033808,0
2,1.4511807,0.47082394,0
2,2.8447323,-3.5149965,6
2,-0.9569636,-0.049026005,9
2,-2.2084632,0.118342206,7
2,4.418579,3.2471294,8
2,3.4731705,2.3741565,4
2,2.318014,-1.2178584,9
2,6.400791,-4.1905446,6
2,3.6617098,-0.28073916,8
2,6.853829,-0.787176,5
2,-4.337634,6.900704,2
2,-4.070579,-0.0015246868,3
2,4.076412,-3.2447789,6
2,1.9107087,-2.7575698,6
2,-1.7809017,5.989779,2
2,0.9467824,-3.8031657,9
2,-0.45536983,-0.7977826,0
2,5.6999288,-2.172351,4
2,3.3326433,-3.1501489,6
2,0.26098898,0.23606788,0
2,4.4772215,-3.9976063,5
2,-1.1520832,-3.1468658,9
2,-0.5722409,8.420098,2
2,3.5594351,2.1347597,4
2,-3.350294,1.2289628,3
2,-4.04725,6.8921647,2
2,2.5176015,-2.8354583,6
2,1.6944864,-2.4048212,6
2,1.8034005,-1.6070536,9
2,-3.4183977,7.3759623,2
2,-3.060867,7.454552,2
2,-3.8373666,-2.4104416,1
2,-3.3166373,7.705868,3
2,-2.602323,1.9512645,7
2,0.7208958,-1.2123955,9
2,-0.73320484,-1.7141339,0
2,4.818139,1.2937462,8
2,1.820636,-3.4339724,6
2,5.082012,3.1328597,8
2,1.5253019,-0.12224627,7
2,-5.414787,-4.2186346,1
2,2.5640981,-3.5875323,6
2,3.2342784,-3.401825,6
2,-6.7540593,-1.0586176,3
2,-3.947359,-2.4650578,3
2,-1.4087062,0.6225942,7
2,0.6794183,-0.25313544,0
2,-3.9150758,-0.47487015,3
2,-2.8504946,8.022617,2
2,3.3546743,-3.370998,6
2,-6.987374,-3.5634544,1
2,1.1722212,-2.6856995,9
2,4.761964,-3.9965909,5
2,-6.313901,-3.8179545,1
2,-1.916507,7.6606855,2
2,-5.0454373,-4.4754944,1
2,-6.0947504,-4.2176037,1
2,-3.3445392,0.36751336,7
2,6.184501,-2.8707287,5
2,-2.3024678,-0.96945953,7
2,2.630514,-1.2977371,2
2,-2.500289,7.7873945,2
2,1.5878267,-4.034866,9
2,2.285188,-3.511571,6
2,0.20093822,0.39207375,0
2,0.40646,-1.713091,0
2,-4.0008245,7.609824,2
2,5.7836065,1.8154244,8
2,2.466358,-3.531705,6
2,-2.760691,1.1340078,7
2,3.0823863,-3.214262,6
2,2.5331445,2.403479,4
2,1.7534809,-1.1877536,0
2,4.8949013,-1.5354106,9
2,-5.7797165,-3.297685,1
2,3.059453,-3.0737488,6
2,2.2524972,2.9602573,4
2,-2.8488145,-3.046223,3
2,-5.2360344,-1.9119043,1
2,-5.8086104,-3.9396045,1
2,3.911353,3.0533953,8
2,-0.24536335,0.015880212,9
2,-4.568667,6.013883,2
2,-3.3633304,0.054963857,7
2,0.7564786,-4.664943,0
2,6.6152296,-2.8988302,5
2,3.8699949,-0.5048666,4
2,4.377599,0.7143218,0
2,2.7770357,-0.15920618,4
2,5.058654,1.8669974,8
2,2.9101667,4.027309,4
2,-1.0036166,-2.4348812,9
2,-6.604464,-3.6208825,1
2,-0.9791513,1.568184,7
2,-6.184941,-3.3925095,1
2,5.165539,-3.111841,5
2,-3.0313368,0.8429958,7
2,-4.7395196,2.115459,3
2,-0.2921099,-4.293835,9
2,-3.1163843,-3.2946107,9
2,-3.4686317,-1.3287874,3
2,6.8421235,-0.4260779,8
2,-2.4258711,-0.8249876,3
2,4.2957244,3.244066,4
2,1.0692533,-5.0014496,3
2,3.159097,0.09546289,9
2,1.6577656,-2.437072,9
2,-6.026738,-3.7100608,1
2,0.13483015,0.5371114,0
2,2.6190908,2.459502,4
2,2.1134536,-3.6677663,6
2,2.8637385,-2.8792448,6
2,-6.622566,-2.929938,1
2,2.8029456,-1.5224108,5
2,1.4045334,-0.49421465,3
2,-1.7301185,7.725379,2
2,5.954565,0.60910994,3
2,-2.3929482,-3.5947826,3
2,-1.005907,-0.23567261,0
2,-2.8647728,7.606772,2
2,5.113493,2.2006555,8
2,-2.058402,-1.3964974,3
2,5.1842985,4.019972,8
2,5.1448,2.9610407,8
2,3.0835986,-1.708466,9
2,-0.346725,-3.7503998,9
2,-6.359662,-3.3721545,1
2,2.705849,-3.6743238,5
2,0.23093812,0.41053164,9
2,-3.0097039,7.5627975,2
2,4.6390233,2.0893636,8
2,-6.021077,-4.259737,1
2,5.319926,2.082988,8
2,-3.5688815,0.4307385,7
2,-5.4298615,-3.1119697,1
2,-2.626527,7.6496367,2
2,5.6825237,-0.008203968,4
2,0.7420583,1.322181,0
2,-0.46942878,-0.9663752,0
2,-2.9787846,-1.2410703,7
2,6.355568,-2.082069,5
2,-0.22259983,-0.52309126,0
2,4.5770273,-1.8727089,5
2,1.1275665,-2.067096,9
2,4.3885856,3.1923985,8
2,1.1832619,1.8466021,4
2,-4.642453,6.993985,2
2,-5.7168064,-4.1687756,1
2,1.7547941,-1.5633663,0
2,-5.8924,-4.2297287,1
2,-4.7495346,7.350042,2
2,3.5567784,-3.6726637,5
2,1.6282496,-3.5721865,9
2,-5.9925604,-4.0771327,1
2,4.3407154,-5.1161485,5
2,5.319363,1.9511496,8
2,0.92330915,0.15539865,0
2,5.579714,-3.0074337,5
2,0.23319462,-3.0684817,9
2,3.7523544,-3.2716343,0
2,-3.361761,3.2214692,5
2,4.2171154,-3.9642856,5
2,2.535164,2.4974976,4
2,4.296067,2.5260022,0
2,-4.695019,7.1868386,2
2,-2.1095922,-3.6457114,3
2,-0.68785447,-0.8327402,0
2,-3.8356361,-0.7149576,3
2,-2.2983592,0.5569938,7
2,4.2206383,3.2617579,8
2,3.183204,-1.0392071,4
2,-5.803959,-4.0496645,1
2,3.1585276,2.8769681,4
2,2.1830292,-3.2328851,6
2,-2.2479393,0.15830345,7
2,-0.7229867,-3.4378953,9
2,0.0071882755,6.2047944,2
2,5.081663,-2.3832953,5
2,4.543928,1.690543,4
2,-2.7197108,7.6067095,2
2,4.1531615,1.7463233,0
2,-5.881639,-3.9371977,1
2,-0.4486956,-1.9611454,3
2,4.5720515,-1.951675,5
2,3.3604488,4.6668906,4
2,-2.1617694,7.7803054,2
2,2.3506439,-2.1865206,6
2,4.936051,2.890137,8
2,2.2856436,-3.2190506,6
2,-5.4127445,5.1933556,2
2,-3.2069385,-2.6522748,3
2,3.0849662,-2.1283236,0
2,-2.8313076,3.0807967,7
2,4.523691,2.4412472,8
2,-5.6792884,-3.8120153,1
2,0.45109308,-3.6870553,9
2,5.7444606,-3.24142,5
2,-5.3340006,4.8583336,7
2,6.1705146,-1.7199241,5
2,4.8969226,2.991287,8
2,-1.1903522,7.8917055,2
2,1.7964716,-2.867157,9
2,-5.238751,-3.9605598,1
2,-4.684793,-4.185602,6
2,-0.099625975,-2.5431464,9
2,-5.75063,-4.414114,1
2,-5.494371,-4.177927,1
2,-5.436983,-1.0682912,1
2,-5.771896,-3.9109027,1
2,5.351863,-1.435098,9
2,-0.8542256,-3.0150402,9
2,5.870337,-3.318854,5
2,5.887148,-3.9599268,5
2,2.6689105,-1.3846459,9
2,4.790101,2.8162618,3
2,-3.457593,0.75157815,7
2,2.004804,7.077076,8
2,5.4882197,-3.5605507,5
2,4.9830594,2.208529,8
2,0.8789032,-3.0768116,9
2,-3.4479659,-0.42575055,3
2,-6.090377,-4.1037254,1
2,-0.59430885,-0.6910346,0
2,-3.627475,-1.7992545,3
2,-5.821843,-4.2212605,1
2,2.225078,-3.0643146,6
2,-6.042189,-3.367728,1
2,0.59578955,-0.6117752,0
2,-4.6336384,-2.164144,3
2,1.9061334,-1.8456078,6
2,-4.1971188,7.1298056,2
2,3.5271423,2.6327612,7
2,-0.4342329,-3.8889303,9
2,1.7238231,-2.6501644,6
2,-1.1224427,-0.9508054,3
2,-2.0356867,-4.1233215,9
2,-4.9131923,0.52744275,7
2,-2.1214056,1.1109948,7
2,4.044064,-3.9790635,5
2,-6.0924044,-3.9883974,1
2,-5.764006,-0.013330653,7
2,4.5877714,1.6409072,8
2,-6.9380054,4.0985956,5
2,-2.4749444,7.36086,2
2,4.5052967,-3.344084,5
2,-5.936385,-3.9564552,1
2,-0.79400545,-0.5171721,7
2,0.35498738,-2.5771782,9
2,4.533364,4.1069145,8
2,-6.0713854,-3.8129528,1
2,-0.07133955,-4.197556,9
2,-5.969469,-3.7941732,1
2,-5.4418902,-3.6785262,1
2,-6.0783157,-3.9848123,1
2,0.66009045,-2.1707783,9
2,2.5953004,3.1841595,4
2,-1.0806341,-3.1552398,9
2,-4.02762,0.33542043,3
2,-0.41677535,-1.7430708,0
2,-3.206055,-0.3961776,7
2,1.5556221,-1.7612984,9
2,-2.0470073,7.926525,2
2,3.2625725,-2.1924088,9
2,2.6392343,-3.9814463,6
2,5.2037807,0.316238,8
2,5.356174,-2.0410476,5
2,2.4018016,-2.928746,6
2,-0.688243,-0.39511508,0
2,0.5261001,-0.6892089,0
2,2.3219512,-3.351993,6
2,-6.5843563,-3.3646934,1
2,-2.3517287,7.6189184,2
2,-6.138391,-3.9280126,1
2,-1.4219325,-1.8344718,0
2,-6.228543,-3.8859818,1
2,-2.3199856,8.029784,2
2,-5.7465153,-4.4197736,1
2,-1.0898657,-3.2060187,9
2,0.2691021,-0.82128114,9
2,-5.839462,-3.9158747,1
2,-6.026911,-3.9341674,1
2,-5.766678,-4.095143,1
2,-0.46106642,-3.6337497,9
2,-6.02496,-4.151002,1
2,3.4509437,-3.0929532,6
2,-0.39725417,-4.1455584,9
2,4.85577,1.6256217,4
2,1.1973163,-2.048602,6
2,1.0451484,-3.5607345,9
2,-2.2499201,-0.80092615,7
2,1.6175747,1.1058022,0
2,-4.7254863,2.0178952,3
2,0.94412637,-1.0191475,0
2,5.4342923,-3.469484,5
2,0.76539314,-4.625656,1
2,3.2978153,-1.9921125,9
2,2.950514,-3.1961389,6
2,2.3421102,-2.0113463,6
2,-5.8636417,-4.393196,1
2,-5.7763934,-4.145024,1
2,-3.204429,7.5543413,2
2,-4.7983627,5.606343,2
2,-2.943341,-1.9174949,3
2,5.923274,-2.5264485,5
2,-0.60929024,7.1811132,2
2,0.8582077,2.6284359,4
2,3.1065216,-2.9920638,6
2,-0.9615572,-1.0242182,0
2,1.1536963,-3.0397472,9
2,3.3038137,-0.35981384,9
2,3.9828908,-0.73905617,5
2,3.7445624,2.3932579,8
2,-2.6835005,7.473621,2
2,3.9718606,2.7442315,4
2,1.0428746,2.0289824,4
2,1.22104,2.1051521,0
2,-1.0708971,7.668107,2
2,2.2055674,6.5359406,2
2,-5.1106687,4.997947,2
2,3.101937,-3.5122159,6
2,0.47585425,-0.49484718,0
2,3.6969633,4.0496817,4
2,-5.5596647,-3.1683955,1
2,-0.544777,0.111165136,0
2,6.960483,-2.9645343,5
2,-2.7025225,0.8652031,7
2,4.6237187,-2.3489468,5
2,0.11862991,-1.6322134,9
2,3.4821332,5.310561,8
2,2.907446,3.895806,8
2,2.4193642,-2.8546076,6
2,4.0788846,3.8555043,8
2,3.5754437,-4.466205,5
2,5.4675884,-3.2060688,5
2,-5.321643,-0.32842797,3
2,0.37533456,-3.9276922,9
2,1.1352282,-3.2574112,9
2,-0.052532822,-0.60021174,0
2,3.7453175,2.884533,4
2,3.2667916,-2.989872,5
2,6.0521007,-1.4114747,0
2,1.6076407,-0.199727,9
2,3.6868374,2.124155,4
2,-3.5878818,6.8484035,2
2,1.9624805,-2.2455943,5
2,7.2396607,-1.4720824,5
2,-3.953992,7.355046,2
2,4.173699,3.5041487,4
2,-4.352127,-0.80780536,3
2,-2.6237483,7.930641,2
2,2.6875608,-3.7725935,9
2,3.5357864,-3.3584054,6
2,-2.3095908,-0.07712126,3
2,0.9158883,-3.2024813,9
2,4.2542214,-4.448674,5
2,4.6463456,1.161085,8
2,-6.205375,-0.2761316,3
2,3.7417243,-2.8532848,6
2,-3.0838358,0.8552268,7
2,-3.2582643,0.64886504,7
2,3.2548542,2.52302,4
2,-6.8781962,-3.1405003,1
2,-3.4920154,6.553898,2
2,-3.5371795,6.653617,2
2,2.8405027,-3.4969282,6
2,5.6897793,-0.20044851,8
2,-1.6739092,7.8296747,2
2,3.994521,0.7411995,8
2,-3.1829872,-0.000114291906,7
2,2.4047024,-2.645753,6
2,4.1207356,3.504024,4
2,3.9971097,3.1271024,4
2,-0.82188576,-0.0056001097,0
2,3.352679,3.0213773,4
2,2.3588145,2.1254725,4
2,0.55865407,-4.1844473,9
2,-1.3673244,0.3955077,7
2,5.161564,-2.6751611,5
2,-2.8490067,7.5225916,2
2,-2.9477587,-1.6494453,3
2,-3.3568606,7.6995263,2
2,1.1846576,-0.49011302,0
2,-3.2744052,7.977022,2
2,0.75596553,-2.6901624,9
2,1.6001117,-1.4969618,9
2,-0.51671785,-4.004208,9
2,3.0059555,-3.390386,6
2,-0.22027284,-0.9256986,0
2,5.373196,-2.3307314,0
2,4.9543395,-2.7114754,5
2,4.6676574,-3.2355142,5
2,4.3992167,0.7835074,4
2,0.8052987,-1.2827128,0
2,-0.99660903,6.385189,2
2,4.3114543,0.3233652,4
2,-6.0696716,-4.1876154,1
2,2.139348,2.9314451,4
2,1.9689655,-2.0780275,9
2,-6.0270476,-3.9915874,1
2,3.1658738,0.68544495,4
2,4.097096,-3.788325,5
2,-2.9523056,5.178539,2
2,4.326372,2.6202068,4
2,-1.078471,-0.23762774,7
2,6.4018064,1.3217343,8
2,5.1906104,-3.7722936,5
2,-3.5137377,0.6300875,7
2,4.6226106,3.292846,8
2,4.334244,-2.7343159,5
2,-3.6241693,-3.0642653,3
2,3.944893,-3.753218,5
2,-0.6322964,0.66289544,0
2,-5.193039,-4.0515146,1
2,-2.2374861,2.3295333,3
2,6.0999823,1.4614044,8
2,-1.2961082,-4.416155,3
2,2.663162,5.2201633,2
2,-3.2549233,-0.8689419,3
2,6.1876173,-2.8318465,5
2,5.488259,-2.6394222,5
2,-4.864103,-4.274177,1
2,-2.511696,7.8487263,2
2,3.927991,-0.35228968,5
2,5.473531,-3.0685806,5
2,-6.4814844,-0.95966893,3
2,-3.9920835,6.8437276,2
2,-1.0701926,-2.9651656,3
2,-1.7231667,7.8361635,2
2,1.481683,-2.8977346,9
2,-6.0232377,-3.8977242,1
2,2.350401,-2.133635,9
2,-4.9956503,6.146782,2
2,-2.7701688,-3.2712955,9
2,6.521187,1.4814739,8
2,-4.9562173,2.5131252,3
2,4.718889,4.2097187,8
2,-4.9679933,-4.175957,1
2,-4.2565694,-0.3822144,3
2,-5.096108,-0.8240049,3
2,-0.5301849,-3.2751355,9
2,-3.088469,-0.1886694,7
2,3.4526246,0.088539466,4
2,-3.01748,2.6214414,3
2,-4.1622906,-1.403364,3
2,-0.834981,-0.7527834,0
2,2.962958,-1.0861937,5
2,1.4077985,-2.9587379,5
2,1.4622934,-1.2172816,3
2,1.6103268,-3.602796,9
2,-6.004335,-4.054875,1
2,-5.3560743,-4.2485847,1
2,-5.919198,-4.3121405,1
2,-3.555355,0.98532337,7
2,-6.65317,-3.4998815,1
2,2.6056626,2.8078973,4
2,-5.794392,-4.261566,1
2,3.810383,0.11871232,9
2,-0.721683,7.9986086,2
2,4.462901,3.0506914,8
2,0.028937459,-1.7500169,0
2,2.7436092,-2.6390042,5
2,-3.1949053,7.6136107,2
2,-1.9480941,7.3067746,2
2,-1.6463957,7.620618,2
2,-6.170445,-3.7310433,1
2,-6.0797663,-3.5536294,1
2,1.7333889,-3.3993423,9
2,4.1745887,3.394723,8
2,3.1977253,1.4877002,4
2,3.3009174,-1.4677579,0
2,-6.407451,-3.681054,1
2,1.0624629,-1.3671218,0
2,-2.1547687,0.740913,7
2,3.215569,-2.2080834,5
2,5.688203,-1.4734744,5
2,-6.3435154,-3.7405028,1
2,-7.0345726,-3.211661,1
2,-4.087791,7.2575583,2
2,0.9778123,-2.3403678,9
2,-2.3060768,2.273964,8
2,-3.6104317,-0.25717574,3
2,-5.609328,-3.7212038,1
2,2.229478,-3.7686431,6
2,1.6831243,-1.21119,9
2,-3.994783,7.6600976,2
2,2.2369926,-0.7404467,0
2,-1.9653058,2.3360124,7
2,-3.9904242,-1.6657456,3
2,-1.6135077,-3.5795188,3
2,-2.345894,-2.471908,3
2,-1.1348236,-3.582998,3
2,0.39349115,-0.34765536,0
2,-1.8449838,5.314792,2
2,2.2415977,0.41458863,0
2,1.5675406,-2.6320953,3
2,2.5183754,-2.7454243,6
2,-0.53602684,-1.5022697,0
2,1.1451421,-0.2236498,5
2,4.591422,1.7299875,4
2,-2.0145144,1.1482372,7
2,-5.599747,-2.992567,1
2,2.355693,5.974474,8
2,-0.4810691,-2.264389,5
2,-0.6323,-4.0299864,9
2,-6.032839,0.8046306,3
2,2.5195692,3.344076,4
2,1.5133371,-0.89198303,0
2,-0.034746423,-1.5048133,0
2,2.6988275,-2.1711657,4
2,2.197701,-3.3936934,9
2,2.3133337,-2.0912616,7
2,-0.30345613,-1.364479,0
2,-2.4802232,7.911438,2
2,-3.9558477,-0.1337146,3
2,-1.5250752,7.537776,2
2,1.8195894,-2.9879801,6
2,5.27254,1.2104672,5
2,-6.028717,-3.8293786,1
2,5.433356,2.153662,8
2,-5.821163,-4.1208057,1
2,2.0336246,1.0704602,9
2,-5.9183054,-4.0645795,1
2,1.2658923,0.6540792,9
2,3.6217885,3.2714746,4
2,-5.8407,-0.92984277,3
2,5.0511165,2.1414492,8
2,-1.3894358,1.026235,7
2,2.7431645,2.989225,8
2,-3.3560236,7.345475,2
2,4.5992594,3.2564192,8
2,2.98235,2.9022794,4
2,0.40372518,-0.3089324,0
2,-3.6993537,7.2557106,2
2,-3.176858,-0.70807815,7
2,4.4009066,3.7204485,8
2,-0.54302263,-1.3776484,4
2,5.4672127,-3.25087,5
2,-0.15410435,-0.368173,0
2,-5.38586,-3.9284036,1
2,-1.252567,-0.50118446,7
2,3.8952103,3.84449,8
2,2.6732068,2.7709615,4
2,4.406561,3.3391192,8
2,5.647825,-2.9525242,5
2,0.8819229,-0.3114235,9
2,-3.6797974,0.7267595,7
2,4.4102774,0.23859935,9
2,-1.9378371,1.9541842,3
2,-3.3009264,-4.272919,3
2,0.51199424,-0.9439937,0
2,-2.6373844,0.5262544,7
2,1.7490299,2.4692042,4
2,3.6409647,5.2212815,8
2,-4.1281123,6.346828,2
2,0.0816497,0.66715825,0
2,-5.7546725,-4.2573566,1
2,-4.92406,-3.4613647,1
2,-1.0138209,0.93028027,7
2,-5.9353104,-4.0528154,1
2,-2.4776216,5.8006306,9
2,6.0682554,-2.458417,5
2,3.6864266,2.3792386,8
2,2.970302,-1.5407003,0
2,-3.4354482,7.1609883,2
2,-6.07543,-1.9899286,1
2,2.2885501,4.2188125,4
2,-4.1077547,0.58094054,3
2,2.358718,-3.2945924,9
2,-6.989202,-2.280172,1
2,-1.776119,0.380116,7
2,2.6585221,-0.65128934,9
2,-6.1203184,-3.8436146,1
2,-0.6570674,-0.6395139,0
2,5.3729773,3.0122752,8
2,2.6753893,-1.5767951,0
2,-4.7118893,5.901878,2
2,3.488803,-4.3576508,6
2,-2.7226646,-1.3058904,7
2,2.76826,-3.0696535,6
2,5.520874,-1.4217554,5
2,5.5419664,0.048907563,8
2,4.4246316,4.507632,8
2,-5.514068,-0.20514895,3
2,0.20550668,-3.2062848,9
2,4.3058977,2.430265,8
2,0.6857004,-2.1642942,5
2,2.3157718,-3.5084677,6
2,2.8101735,-3.1102421,6
2,5.1241746,3.4621108,8
2,3.4569523,3.1473281,4
2,4.4110856,3.579836,8
2,4.1602726,-0.7542887,4
2,1.2604017,-4.7310734,9
2,-5.4032683,-3.7710629,1
2,-6.7614374,-3.5406215,1
2,-6.471714,-2.3529773,1
2,1.0387619,-2.2238214,8
2,2.7932665,-3.87437,6
2,0.14168039,-4.708593,9
2,-6.0092907,-3.897692,1
2,-6.1021295,-3.7068334,1
2,4.6068997,2.7992992,8
2,-5.658074,-4.1536145,1
2,-6.60984,-3.9938605,1
2,-2.4044852,7.742524,2
2,3.7549524,2.6483731,4
2,4.5632377,-2.7106395,5
2,2.355053,-0.21836199,0
2,4.290858,2.408106,4
2,4.395438,3.2352545,8
2,2.464065,4.0442266,4
2,-5.679926,-4.3321037,1
2,-1.6498682,0.85507655,7
2,1.9801712,-2.723644,9
2,0.32660973,-2.4721935,3
2,-0.45992482,-0.12932746,9
2,4.8713937,-3.0978024,5
2,1.4095745,-3.0046706,4
2,-3.2306843,-1.9707685,3
2,0.46823737,3.3058007,4
2,-1.7005055,-1.4691743,3
2,-0.14652207,-0.42111212,0
2,-2.0756202,1.401198,7
2,2.1518412,-3.4220715,6
2,-2.0465314,7.7211814,2
2,-2.352944,-3.312442,9
2,-5.9974456,-3.8867252,1
2,-0.17272723,-1.3424882,0
2,-3.6723413,0.32316273,7
2,-4.5704727,-1.9205072,3
2,-3.008328,6.834742,2
2,-3.2230349,0.8399329,7
2,2.3680835,-3.1070344,6
2,4.48102,-0.8870745,8
2,4.0076494,2.206602,4
2,-6.2014093,5.001381,2
2,3.1358285,4.2478766,4
2,3.3174686,4.376054,8
2,-4.3473,-0.20623973,7
2,6.579596,0.18293642,8
2,5.3880386,1.0451783,8
2,1.2035601,-3.037981,6
2,-3.833322,1.2573224,7
2,-4.2055736,6.7555537,2
2,3.4749613,3.3784432,4
2,-2.985385,0.71241385,7
2,3.050023,3.0066385,4
2,4.5522075,-2.3253827,0
2,-4.8793907,1.1210608,3
2,-3.9196277,-1.8909835,3
2,0.23234457,-0.73534364,0
2,-2.851047,0.8506724,7
2,-3.1398237,-4.4365387,3
2,-3.302939,1.1405226,7
2,-5.929079,-4.0831265,1
2,-2.160139,0.85018444,7
2,2.8068569,1.5240597,4
2,2.557723,2.758379,4
2,-5.1756945,-4.316565,1
2,4.9566917,-3.1274989,6
2,-3.7659307,7.2549195,2
2,-2.077811,0.9857115,7
2,-4.239522,0.1593947,7
2,5.305438,-2.4562023,6
2,2.5541594,3.907859,4
2,6.8871403,-2.3392837,5
2,4.478021,0.018554151,9
2,0.65137637,0.56218636,8
2,-4.398138,5.882323,7
2,3.4306295,-1.0263405,5
2,4.294456,2.0784817,8
2,1.5471959,6.158649,8
2,2.8885884,4.910852,4
2,-3.8112297,-4.462652,3
2,-5.48188,-3.8045957,1
2,0.62264025,2.8390884,9
2,-3.8145785,-3.3289104,3
2,-2.3438387,8.018726,2
2,-5.211844,-2.1055305,3
2,-3.1772587,-2.7669466,3
2,-1.5622346,0.4290567,7
2,3.5232353,-2.3803663,5
2,-5.4300256,-3.8402805,1
2,3.8992965,-2.3804111,0
2,1.6288273,-1.0161424,6
2,3.2247906,-1.9902707,0
2,3.385397,-3.5693905,6
2,6.4738903,-3.0091946,5
2,3.787122,-4.121514,6
2,4.7683673,-2.6830769,6
2,-5.717409,-4.236775,1
2,-0.061767936,-1.2928002,0
2,0.32298362,-3.0937295,9
2,2.7799938,5.246477,0
2,3.9366238,3.7205741,8
2,0.2701356,-1.397911,9
2,0.5226583,-2.9147687,9
2,3.579099,-4.900152,5
2,-0.9800411,7.812767,2
2,0.29821637,-2.6762636,9
2,-1.0680373,8.287995,2
2,0.67870855,2.2048051,9
2,-0.17213362,-1.8547268,4
2,4.7054315,-2.1352534,5
2,-5.741038,3.2758744,3
2,4.2047772,2.134077,4
2,-1.3735206,-3.3455698,3
2,1.6003783,6.1701007,2
2,2.9543943,-3.7460048,6
2,0.026277676,-2.2081766,0
2,-6.6062713,-2.5511336,1
2,0.27939594,-1.4063448,0
2,5.692704,-3.0898566,5
2,3.0160353,-2.3156235,5
2,-3.3346202,-0.80349356,3
2,-5.1601596,-4.599365,1
2,-5.2087154,-2.4318805,3
2,-4.3416076,6.1967707,3
2,2.0578015,-0.49756384,4
2,5.2232676,0.8756582,8
2,-4.703145,6.38659,2
2,3.8611658,-2.3073862,5
2,2.4199684,-2.6206033,6
2,4.539274,2.244521,4
2,-2.983105,0.01319015,3
2,-6.2653112,-3.7938857,1
2,4.2404833,2.2538283,8
2,-0.47688836,-3.3387175,9
2,-2.698278,7.913495,2
2,3.0589538,3.5565546,4
2,5.3016567,-3.0228236,5
2,-2.2797964,-2.0103219,3
2,4.211774,3.5862184,8
2,2.041762,-2.1493006,6
2,-0.8222509,-1.2030538,0
2,4.7790904,2.8986316,8
2,-6.005282,-3.8064327,1
2,5.469129,-2.3672833,5
2,6.5405383,-2.2818096,5
2,-1.8192458,0.509281,7
2,-2.823251,0.69709486,7
2,-0.12505156,-1.2852268,0
2,2.0727851,-3.2165394,6
2,2.9859388,-3.3301933,6
2,3.6214533,-3.6650302,6
2,2.0761182,-3.1127927,6
2,-5.6283855,-4.153795,1
2,2.4429724,-1.618088,5
2,5.689183,-0.35906535,8
2,1.0122716,-1.7742212,0
2,4.620375,-4.24795,5
2,-0.9100849,-2.1616995,3
2,3.1505466,-2.1980858,0
2,0.39523327,-1.1150742,0
2,-4.6191354,3.3169107,7
2,-3.8069577,0.37015492,7
2,-4.7493978,1.1660702,3
2,0.4595494,0.23009329,0
2,2.466867,-3.6430168,6
2,-0.7482229,1.1361927,0
2,-0.23659098,-0.7224718,0
2,5.6397533,-3.3681831,5
2,3.4094994,3.1564,4
2,4.3910804,-5.2797933,9
2,1.9852645,-1.7765199,6
2,-3.381177,5.4206114,2
2,-4.7702737,0.94124144,7
2,-3.2158053,-1.0356362,3
2,-5.842921,-3.9367013,1
2,3.107039,-3.1645951,6
2,0.5043663,-4.4702578,6
2,5.273711,1.7551754,8
2,2.6075232,3.5835462,8
2,0.2203051,1.9192208,4
2,-2.637779,7.976677,2
2,-6.036749,-3.7666147,1
2,4.673381,2.4085135,8
2,2.998683,2.6076095,4
2,6.005706,0.8576474,8
2,-3.6128457,6.396181,3
2,1.9485536,-0.8801475,0
2,4.0550447,5.2331357,2
2,-3.1499503,7.1334743,2
2,-3.8107142,-0.9401933,3
2,0.09511526,-2.895541,9
2,-2.2336152,8.10964,2
2,-0.91014856,-0.07685229,0
2,-4.6015086,-4.694146,1
2,-4.688954,2.7182806,3
2,-2.6298106,-3.0464797,3
2,0.9420388,-3.0462139,9
2,4.549669,3.2273974,4
2,4.2035604,-5.1414585,5
2,-6.085201,-3.223571,1
2,-2.467333,-2.605922,3
2,-1.918504,8.036252,2
2,6.2768364,2.8742344,8
2,4.633002,3.3566535,4
2,-2.4032714,7.5625324,2
2,6.2845597,-0.95285994,4
2,-0.71885717,-1.1453996,0
2,1.4693029,-2.5998967,0
2,-1.4721351,7.8875275,2
2,-1.0600455,6.667936,3
2,5.322495,1.0635245,8
2,-2.0964785,7.3339043,2
2,-2.6419194,0.24015911,7
2,-3.5517879,7.463959,2
2,-3.1659591,7.4617624,2
2,6.2087336,0.72493297,8
2,5.8065534,-3.9050004,5
2,-5.123129,-4.186543,1
2,2.148112,-3.3553894,6
2,-3.0311446,0.5617309,7
2,-2.4733317,0.9600392,7
2,-6.404411,-2.895509,1
2,2.5063536,2.5594752,8
2,-2.2555535,-3.648703,9
2,3.1205518,3.647871,4
2,3.3698921,-3.0057557,6
2,6.405478,-1.4471036,5
2,2.921818,2.4445798,4
2,-3.9313207,6.6978493,2
2,3.90552,-2.8576708,9
2,4.1221395,3.678327,8
2,3.505115,2.9702106,4
2,0.547856,-3.4041018,9
2,-1.5092387,7.888276,2
2,-3.2004757,-2.0398126,3
2,0.552964,-2.5145,0
2,-2.4637098,7.945117,2
2,3.7613204,-3.143586,6
2,3.8219855,2.8413517,4
2,-3.6296442,-1.8981476,3
2,-1.7902768,-2.9204009,3
2,1.5650411,0.1635292,0
2,-6.7631354,-2.8448668,1
2,0.12996474,-3.2939034,9
2,1.7628183,-0.0472665,0
2,1.7730427,-2.121473,9
2,0.7798558,-4.178043,3
2,6.384709,1.1601888,8
2,-5.878195,-4.419451,1
2,3.8015323,3.1826577,2
2,-0.60108787,-3.834306,9
2,2.1263742,-2.1922941,6
2,-1.8372445,-3.0307703,7
2,-5.159601,-4.2716484,1
2,-4.390637,-1.243524,3
2,-4.005973,-0.21603101,7
2,6.629176,1.0160828,8
2,-5.8855324,-3.8062246,1
2,4.5996675,2.2230523,8
2,1.9219606,-3.0619247,9
2,4.929106,-3.7319896,5
2,3.5277183,-3.1680446,6
2,-2.9163241,-2.1125624,7
2,-1.0840104,8.261707,2
2,3.9766183,2.077546,8
2,2.092044,-2.0114105,6
2,1.0047204,-1.0994172,0
2,-4.152213,-0.44978195,3
2,0.982709,-3.8269622,9
2,-6.9893937,-0.9857783,7
2,-3.0355084,-0.07422159,7
2,-0.24970958,-3.7913218,7
2,-2.8485882,-3.0667586,3
2,2.087055,-3.0609722,6
2,-2.9790573,-1.4594386,4
2,0.10604082,-3.4484289,9
2,5.7088833,1.2881333,4
2,1.7868841,-2.4373066,6
2,-5.1063514,6.7310343,2
2,2.3925629,0.086962834,9
2,-0.5431303,-0.83079916,0
2,0.96892446,-2.7511842,9
2,3.1481962,-2.6782544,6
2,0.8427308,0.78261477,5
2,-6.2331376,-3.7099388,1
2,6.827165,0.28263867,4
2,2.7454112,2.2034135,4
2,-4.895359,-0.7588521,3
2,3.1509695,-3.3028135,3
2,3.3283012,3.6242473,4
2,-2.24858,8.262213,2
2,3.170621,-0.18884724,9
2,4.42228,2.408197,8
2,-4.962558,2.986309,7
2,2.139079,3.3747642,4
2,0.34684786,-3.2463593,9
2,3.2180436,-2.011406,0
2,5.1818485,2.5679085,8
2,-3.1100144,0.713052,7
2,4.024338,-2.957712,5
2,-5.6723104,-3.8439367,1
2,0.8807091,-0.1773393,0
2,-0.50888354,-0.15511672,0
2,-1.6878092,8.165545,2
2,4.149261,-1.3847264,9
2,5.7529707,-3.1163707,5
2,-0.63265127,-0.9894711,7
2,-3.28889,3.3048227,7
2,1.47387,-2.9791627,6
2,2.7347214,2.962124,4
2,2.1800911,-3.9144921,6
2,2.1401296,3.9027297,4
2,1.6902306,-2.7695525,6
2,-3.2909365,2.120433,7
2,-2.226169,-0.5775745,4
2,4.0369773,4.3479123,8
2,4.6264496,-2.2583644,6
2,5.5031657,-3.7501166,5
2,-2.7385054,7.2762637,2
2,-4.357795,1.7115574,3
2,4.2707243,5.250615,8
2,3.5464323,3.3889627,4
2,7.044703,-0.81286895,5
2,5.842245,-3.0218017,5
2,-1.2201192,0.53461504,0
2,3.0978172,-2.2478662,6
2,6.4091153,-2.6793106,5
2,3.4695134,3.5227835,4
2,0.23185599,7.430182,2
2,1.5396037,-3.3963943,9
2,4.053243,-0.015011363,0
2,-3.3049471,1.2522081,7
2,4.9301376,1.8729275,8
2,2.9374728,-3.9172838,6
2,3.8502939,-3.0100362,6
2,-2.9273424,-3.181673,3
2,0.55884624,-2.8074944,9
2,0.9454998,-0.7638148,0
2,1.8813748,-2.738846,0
2,-1.2209184,0.61207455,7
2,-0.23879981,-1.9972633,3
2,-6.3083405,-3.567328,1
2,5.151141,-1.3554318,4
2,-3.275301,-2.5845928,7
2,-5.8714957,-3.8125005,1
2,-3.6140893,1.0939459,7
2,3.1514108,3.2670987,8
2,-4.190395,2.944754,7
2,-1.7617409,-3.3004272,9
2,-1.1953537,-3.7205083,9
2,-4.4367948,-0.67838246,3
2,-2.2335346,1.1365896,7
2,-3.837976,5.3426986,3
2,-2.2367897,-2.877881,3
2,-0.93634003,7.7447577,2
2,3.3117101,3.1362953,4
2,5.354475,4.122288,8
2,3.8221579,0.19684063,5
2,-3.1803532,0.78099376,3
2,-3.3257577,7.2897606,2
2,1.1547191,-0.43619108,0
2,-4.169708,0.43098247,3
2,0.5299693,2.2659435,4
2,2.041494,-2.908478,6
2,-3.7459698,6.966617,2
2,-2.2366037,-0.10478455,7
2,-2.86018,-1.3964673,3
2,1.5533242,-0.9330351,6
2,2.4739306,-3.1673512,6
2,1.9134078,-1.6452272,0
2,6.5766277,0.012487441,8
2,-3.9807968,7.6247478,2
2,-4.548704,-5.9926596,3
2,5.2573514,-5.134422,5
2,-4.132174,2.418794,7
2,5.6255083,2.1523721,8
2,3.377192,4.6530666,4
2,-1.7962744,0.29849458,7
2,-5.277619,-4.190697,1
2,2.2442565,-3.2875776,6
2,-0.45120406,-0.80799377,0
2,0.889824,-0.33697546,5
2,-7.225652,-0.1559802,3
2,-3.4042885,7.115154,2
2,3.3865037,3.95269,8
2,4.2224216,4.540669,0
2,-2.9745703,7.868762,2
2,3.5857885,-3.1765914,6
2,2.2371585,-2.7791913,6
2,4.407925,-3.6599958,5
2,0.7190619,2.2800732,4
2,-3.2693658,7.7042265,2
2,2.2925527,-3.450994,6
2,2.3716497,-2.9412377,6
2,-3.2081017,6.946108,2
2,-2.7168026,0.35395998,3
2,2.3324778,-2.6025386,6
2,-6.0477324,-3.539889,1
2,-0.39931256,-1.1500278,0
2,2.3141677,-3.8522115,6
2,5.615171,2.4073398,8
2,4.1600833,-4.3407707,5
2,-5.8569646,-3.9742424,1
2,4.252151,-4.501681,5
2,5.2002397,1.6047027,8
2,5.2039285,1.7097974,8
2,1.7066283,-2.8541033,6
2,2.8765407,3.6570163,4
2,2.4003422,5.7959,8
2,4.674326,2.4263074,8
2,3.637749,3.2385397,4
2,-5.6506076,-4.2816577,1
2,5.01126,-3.048344,5
2,3.8318057,-3.651596,5
2,-2.0626192,-1.8838282,9
2,2.7120132,-2.6892378,6
2,-0.18751246,-2.9987528,9
2,-6.709862,-4.4128685,1
2,-2.9624805,0.96009797,7
2,4.059041,2.7534552,4
2,4.780408,1.744875,8
2,3.8170967,-4.170905,6
2,2.3726735,2.7402127,4
2,1.6571288,2.3653753,8
2,1.5062048,-1.154924,2
2,1.6880848,1.8646337,4
2,6.0506005,-2.6431866,5
2,-6.11382,-3.7290916,1
2,4.1470547,-3.761039,6
2,-3.044374,0.3689214,7
2,3.3446639,2.5508227,4
2,-2.078843,0.78122467,7
2,5.2930174,-3.7495108,5
2,3.9396112,-2.8579164,6
2,-4.0238667,0.9171663,7
2,-1.5120997,7.9531097,2
2,4.083163,2.5753055,8
2,6.006734,-3.0689046,5
2,-0.99097484,-1.6198342,0
2,2.7795968,-2.8897126,9
2,2.6700747,-3.7194533,6
2,-3.609519,-0.8975808,3
2,-5.2783265,-3.9647508,1
2,-5.3628817,-4.455775,1
2,-1.6216385,1.0370172,7
2,-2.0564766,-1.2061561,3
2,2.866691,3.1636379,4
2,0.27323166,3.611141,8
2,-1.8057442,3.9618628,2
2,2.0107322,2.8027327,4
2,-1.3712282,-0.39429826,0
2,-5.809907,-3.6203506,1
2,3.455095,6.3146825,5
2,-3.5825827,-1.4743534,3
2,2.228413,-2.6808558,6
2,3.0560946,-2.4337025,5
2,4.5304804,2.9938378,8
2,-5.847057,-3.7760158,7
2,1.5862195,0.14931138,9
2,6.47629,-3.2531118,5
2,2.533514,-0.7396263,9
2,-3.3085043,1.0891603,7
2,2.3720756,-3.614401,6
2,-6.035601,-3.7784097,1
2,4.4237185,2.533766,8
2,2.6294386,-1.4774319,6
2,-0.9649983,-1.8771489,3
2,-3.871965,0.5741362,3
2,-5.6646924,1.0409441,7
2,2.1247168,-3.229984,6
2,1.5743175,-3.1764657,6
2,-5.8063846,-3.6651366,1
2,-5.092764,-5.287559,1
2,-1.3817649,7.725226,2
2,6.6685667,-2.5892065,0
2,-4.174211,-2.123506,3
2,-3.25657,1.0140077,7
2,-1.118861,-2.1691544,0
2,-1.9676199,-0.43010515,7
2,-1.5734172,-2.7512367,3
2,5.4850097,-2.1656969,5
2,-2.8433342,0.93117315,7
2,3.2717404,1.7372748,4
2,-1.6270118,-2.2834036,3
2,-2.6659095,1.5689163,7
2,-1.610496,7.6852713,2
2,6.016923,-2.7324924,5
2,2.1672032,-4.189308,9
2,4.523874,-2.8728843,5
2,-3.9270945,-3.033237,3
2,1.1058164,-2.760414,9
2,4.719698,2.6357338,8
2,-5.928649,-3.940716,1
2,4.4559326,2.1051054,0
2,-0.38484722,-3.2008271,9
2,3.6526499,4.7740707,8
2,0.5738802,-0.76569605,0
2,5.091212,2.4582782,8
2,-4.9126353,2.0104716,3
2,1.043087,-3.9739923,9
2,5.5263643,1.7086719,8
2,-3.3996308,-1.0586101,3
2,-2.1259115,8.284544,2
2,0.03793101,-3.694454,9
2,4.8612523,-2.3446207,6
2,4.6182733,4.172761,8
2,3.467354,2.9826498,4
2,-5.855931,-3.8988943,1
2,3.525045,3.9622967,8
2,2.5473442,-0.82359034,0
2,-4.3071237,0.20982634,3
2,-1.8143189,6.9429026,2
2,-4.8005896,6.5726566,2
2,-5.921425,-3.2971683,1
2,0.17160372,-3.348313,9
2,-6.1180797,-3.6202037,1
2,-0.17598411,-1.8478732,0
2,0.06076847,-0.7353139,0
2,-2.5086806,8.056797,2
2,-3.6413703,2.880136,3
2,1.1851919,2.0777411,2
2,0.08672615,0.07343304,0
2,-3.341271,-1.6568065,3
2,2.6918697,-1.0211742,0
2,1.4045074,-1.9208183,9
2,-0.620055,-0.5219558,0
2,-6.164161,-3.5624223,1
2,3.0734165,-3.634333,5
2,3.5781832,2.0285327,4
2,2.9829683,-4.05519,5
2,5.2025595,-0.45153785,8
2,-3.1389425,1.0764916,7
2,1.7726448,-2.5670128,9
2,6.6629877,-2.0172796,5
2,4.9521008,1.9108275,8
2,-0.51825607,-1.8675163,9
2,-0.7308289,6.692967,2
2,-3.5138214,-0.023589559,7
2,-4.3861856,-0.92332023,3
2,-2.4395387,2.1215672,3
2,-3.4584267,1.8769678,7
2,-4.0273757,2.0747392,3
2,1.4454525,3.7084093,4
2,-1.892443,5.6753445,2
2,2.3740196,-3.1314533,6
2,4.044441,-4.0841455,5
2,-0.9346728,-0.41943914,0
2,1.2069423,-4.0513425,9
2,5.7927976,-3.2169943,5
2,2.3219957,-0.2084102,4
2,-2.9357893,0.9617575,7
2,-4.219245,6.77536,2
2,-3.0628657,8.277565,7
2,0.6306441,7.107868,2
2,2.422019,4.2243304,4
2,3.8377254,-2.9327734,6
2,4.5117574,-4.9378934,5
2,1.6218829,-2.705261,9
2,5.27107,2.3261354,8
2,3.6542618,6.342901,8
2,2.3975036,-3.1444805,6
2,-2.3138056,-2.9303784,3
2,4.189214,4.451028,4
2,-5.9039426,-4.0432534,1
2,2.3144011,-2.9634092,6
2,1.9277327,-3.1661613,6
2,0.70395416,-3.4660058,3
2,2.2187958,-3.5220964,9
2,2.30291,0.27546197,4
2,5.9351897,-3.2067115,5
2,3.4336545,2.5379927,4
2,-5.180359,-4.2101755,1
2,-2.4981658,1.2143111,7
2,-2.4963152,7.8879585,2
2,0.8352886,-1.86128,0
2,-5.9798956,-3.9042094,1
2,-4.7251854,-4.825691,1
2,-3.9651337,0.4757895,7
2,3.090673,3.215565,4
2,-6.1185827,-3.7873971,1
2,-4.965761,-1.4261783,3
2,6.4274116,1.7459704,8
2,-2.8898737,1.2604423,7
2,-0.09601149,-3.3400855,9
2,-1.2821729,8.341685,2
2,3.899728,-3.2377393,5
2,-1.6927543,-2.1873755,7
2,0.0071228296,-0.7935525,0
2,-3.1042204,-0.6105246,0
5,8.248497,-0.8130635,1
5,-2.8392167,1.078729,7
5,-1.2883209,5.405285,2
5,-2.7803204,0.85334086,7
5,-0.49171346,4.4792585,2
5,-1.0237019,5.019445,2
5,8.093724,-0.40349254,1
5,2.6601837,6.436885,4
5,2.469347,0.32648522,9
5,0.7049737,-0.36471763,3
5,8.391128,-0.3126157,1
5,-3.0560865,5.6494455,4
5,-0.855241,-0.49406716,0
5,-3.1826656,0.28014588,7
5,7.6140375,0.1045523,1
5,3.0381858,-1.6332188,5
5,-2.719511,0.1842454,0
5,-0.8096803,-1.7316397,0
5,-2.6095111,-6.289452,6
5,3.1266625,1.8100356,9
5,-3.5221553,0.087647684,7
5,0.9199821,2.599552,8
5,-2.029776,5.5702515,4
5,2.152021,0.9712746,9
5,2.3982737,-5.783141,6
5,-1.3295585,-1.2295322,8
5,-2.2977695,-6.096446,5
5,-0.18064788,4.398768,2
5,0.5674627,-0.67419565,3
5,-3.026658,-6.4744573,6
5,-2.7706773,-5.765626,6
5,-2.160728,4.2904,2
5,1.5187498,0.30266416,9
5,-1.147793,-1.5370959,0
5,0.24948144,4.0937433,4
5,-2.9123106,-5.5158525,6
5,-1.425327,-1.6851984,0
5,-1.3079777,-4.4693093,5
5,2.7687654,0.6187537,9
5,-1.8051791,4.6131535,2
5,-3.4251468,5.473744,4
5,0.58465433,-0.4860495,3
5,-2.157114,4.344802,2
5,-3.3665607,-5.4583488,6
5,-2.5439303,-5.068536,6
5,2.4685316,1.0258218,9
5,-0.59095365,4.9294376,2
5,-1.7707514,4.4168825,2
5,7.6543694,0.52246034,1
5,-0.85295695,5.0142183,3
5,-3.7706378,1.2466805,7
5,1.2742633,0.18501504,9
5,-1.2439797,-1.9837497,0
5,1.3310168,1.731992,8
5,-2.532083,-5.500698,6
5,1.2884023,0.874269,8
5,-1.9311279,3.8827322,7
5,7.560957,0.56027013,1
5,-2.7650967,-6.271305,6
5,-2.9655852,-5.923314,6
5,1.8542175,-0.2856453,3
5,0.3745222,-0.44133696,3
5,-3.4347143,0.12291674,7
5,-1.6624724,-2.5232353,0
5,0.9027703,-0.51450896,3
5,-2.2401974,4.6979933,2
5,-2.6977644,-7.0174694,6
5,8.089557,-0.7167462,1
5,3.0675735,0.17489445,9
5,-1.9333156,-4.3020487,5
5,8.148114,-0.6554973,1
5,-2.1506772,4.0324078,2
5,7.9880886,-1.6818769,1
5,8.092179,-0.44039872,1
5,-2.9331853,1.4370823,7
5,-1.4963078,-5.0094795,5
5,-3.089765,-0.32291055,7
5,-3.856494,-4.5364637,2
5,-1.672739,3.8027787,2
5,2.2145207,-0.8338952,9
5,-2.4678044,-5.6054173,6
5,-1.1922684,-1.7305607,0
5,-1.4814175,-1.7780477,0
5,-1.2525693,4.181416,2
5,0.838861,1.074697,8
5,-2.3484037,-5.7517743,6
5,-3.0692196,0.38361716,7
5,-2.8190675,-6.026537,6
5,-4.5197353,5.3671026,4
5,-1.6208342,-3.1898327,0
5,1.7092934,3.378002,9
5,8.186112,-0.19830903,1
5,-2.5429177,-7.012142,6
5,-3.3810449,5.141079,4
5,0.0865621,-1.3468562,3
5,7.4712667,0.019855395,1
5,7.975566,-0.67395234,1
5,0.7700073,2.0061793,8
5,-0.79049224,4.596685,9
5,-0.18600368,4.727656,2
5,-2.7315369,0.2339944,7
5,-0.74496305,-5.004295,0
5,-2.0504425,-4.1124043,5
5,-1.4913267,6.15904,4
5,-1.648477,-4.5707517,0
5,-3.2387013,5.8814464,4
5,0.78885096,2.263733,8
5,-3.5376825,5.9219594,4
5,1.8796828,2.4460995,9
5,8.156895,-0.38565925,1
5,-2.5904155,0.51539814,7
5,8.220685,-0.44666293,1
5,-1.9082516,-4.4243803,5
5,-2.9483688,0.8858646,7
5,0.12960976,-0.006703049,3
5,2.6573157,0.44287053,9
5,3.0130532,4.596023,9
5,0.5575015,-0.36646935,3
5,-0.45570087,-0.9332602,8
5,-0.45352834,0.037965357,3
5,-3.9598029,4.43252,4
5,-0.30400383,-1.9366328,3
5,-1.8344334,5.033579,9
5,2.6305025,0.14636701,9
5,8.160455,-0.93443155,1
5,-1.8141029,-2.6883209,0
5,-2.9569743,5.431882,4
5,-2.5043147,-5.2212462,6
5,-3.1137583,-5.440075,6
5,8.2348175,-0.19891343,1
5,-0.6935196,-3.860889,5
5,1.4009461,-0.34891424,3
5,-1.5409117,4.5825343,2
5,2.5529366,-1.0696732,3
5,0.7325118,-0.8052764,3
5,-1.2745013,-1.1947703,0
5,-0.38859785,4.2202907,2
5,0.22512048,2.1673083,8
5,0.5851267,-0.80012953,3
5,0.48746955,1.7034144,8
5,1.0912706,2.2158806,8
5,0.93844354,1.0863496,9
5,1.9434483,0.5209392,9
5,8.217927,-0.1489689,1
5,-1.8533916,-3.4783692,5
5,1.5666723,0.40725583,9
5,-1.6665802,4.2176027,2
5,1.4827025,2.0789323,8
5,7.9867144,-0.57069397,1
5,0.9518812,1.6706443,8
5,-3.1919692,0.2408798,7
5,8.309262,-0.7030132,1
5,0.12705335,3.607522,2
5,-3.6376257,5.793199,4
5,-0.5008092,-0.8426112,0
5,-1.4170773,-1.6973156,0
5,-2.3003144,0.3707281,7
5,-2.9763937,-7.267314,5
5,-1.2809026,-1.6184413,0
5,-2.7292423,-4.2801948,5
5,2.7518554,-0.53823054,9
5,0.64636415,1.0123253,8
5,-2.0842018,5.5439353,4
5,0.5632932,4.076942,2
5,8.122611,-0.9238467,1
5,-1.6143994,-2.7984967,0
5,8.063586,-0.83267677,1
5,0.6447456,4.957064,2
5,-1.3510736,-3.9794908,5
5,2.5775614,0.9446012,9
5,8.158647,-1.034329,1
5,-1.2877511,-4.504196,5
5,0.37916452,2.0137513,8
5,-1.2825239,-1.8770872,0
5,-1.7407243,-3.8890057,5
5,2.1310341,0.5080087,9
5,-1.8098416,-4.4143357,0
5,-0.6678703,-4.3628626,5
5,-2.3293152,-4.7090764,5
5,-3.1482134,6.020993,4
5,-2.2043653,-4.058606,0
5,-1.0228248,4.8200016,2
5,-0.03921643,-0.9847852,3
5,-1.1177127,-1.5562832,0
5,0.4445827,-0.28877488,3
5,-2.8389955,-0.14347023,7
5,1.2025452,2.2684498,8
5,-0.533518,4.202354,4
5,8.064802,-0.69109464,1
5,-2.904477,5.8328032,4
5,-2.4100013,-5.7860208,6
5,-2.5678444,0.83980584,7
5,1.6738423,0.2561236,9
5,2.265252,4.3487077,2
5,-2.4964883,-4.6382613,5
5,-3.0692642,5.719798,4
5,-2.0217853,4.311368,2
5,-0.7606443,-2.8107748,0
5,8.230617,-0.32188225,1
5,0.76451355,-0.7759429,3
5,-2.1203105,-3.597962,5
5,-3.3951025,5.3846593,4
5,0.29578125,4.287159,2
5,-2.8613536,-5.007466,6
5,0.36464512,2.4907095,8
5,-2.6362584,-5.813683,6
5,0.6849437,2.195568,2
5,0.3624531,-1.25714,3
5,-2.1661582,-4.099279,0
5,-1.9312996,1.3142653,7
5,1.0354971,1.4544283,8
5,8.000088,-0.34248325,1
5,2.3732734,0.12648949,9
5,-2.1265087,-4.854992,5
5,-3.3413973,2.711364,7
5,-2.6528866,-4.38868,5
5,0.86070764,2.7385046,8
5,-1.8671727,4.5394707,2
5,1.92576,1.0323893,9
5,8.221505,-0.48793313,1
5,7.659545,-1.7605084,6
5,2.4523194,0.35952473,9
5,8.1839075,-0.73790824,1
5,8.071814,-0.68150806,1
5,7.625596,-0.035863042,1
5,8.2206135,-0.78024375,1
5,-0.88536894,-0.97464275,9
5,2.3652194,0.17191033,9
5,-2.1099453,-4.455498,5
5,-1.7364637,-4.4740386,5
5,2.37243,0.29180595,9
5,0.5289594,1.6074804,3
5,-2.9099598,0.83171856,7
5,1.4002512,2.568508,8
5,-1.8155727,-4.4699802,5
5,2.264226,1.870975,8
5,2.719398,0.5888221,9
5,0.5643417,-0.9202782,3
5,8.239942,-0.9915894,1
5,-1.3203896,-1.2287853,0
5,-0.5013877,-1.1248217,3
5,7.995949,-0.6605799,1
5,-3.0945034,-4.6630855,6
5,8.077048,-0.38113853,1
5,-1.3085679,-1.7959358,0
5,0.91417825,-0.6179539,3
5,-3.0529292,-4.8710613,6
5,-0.7738655,4.3764544,2
5,-6.0104885,1.251896,7
5,2.7647827,0.16034773,9
5,-3.2131493,-4.914943,6
5,0.6764254,-1.41249,3
5,2.790675,-0.09275696,9
5,-1.9968705,0.792143,7
5,-3.2944014,1.000754,7
5,-1.7951821,-3.8065107,5
5,8.169337,-0.8112918,1
5,-0.7257681,0.93009865,7
5,1.1637975,2.799459,8
5,-0.26007608,-2.206899,5
5,0.012297571,3.9230056,2
5,-1.4671881,-4.3062124,5
5,8.177971,-1.0248634,1
5,-2.8109794,-0.50974536,7
5,2.6399877,-0.3424302,9
5,1.4699861,1.7630563,8
5,7.9695024,-0.23755932,1
5,2.7038605,-0.14135846,9
5,7.8650446,0.34697127,1
5,8.354045,-0.54415286,1
5,8.173484,-0.67019486,1
5,2.264456,0.41366088,9
5,-3.881072,5.15163,4
5,2.4839294,0.38031188,9
5,-0.3862881,-0.9127749,3
5,-1.114971,-1.4458454,0
5,-2.825709,0.6015197,7
5,2.4385893,0.24978554,9
5,-1.0913327,4.8163543,2
5,-0.6853156,-3.3176022,9
5,-2.1925735,-5.972942,6
5,1.0514439,0.3863924,8
5,-2.7425277,-4.9703436,5
5,-3.4443996,-4.1861753,6
5,-1.6643147,-1.5915351,0
5,-1.133714,-2.469811,0
5,-2.7853825,-5.633403,6
5,8.196295,-0.4329315,1
5,-0.20440917,3.5532012,2
5,8.103132,-0.9234524,1
5,-1.0964572,-1.5772612,0
5,8.208258,-0.8057456,1
5,-1.7740232,5.001341,2
5,7.767849,-0.6422576,1
5,1.4733883,0.40531892,9
5,0.30566728,0.45867264,9
5,8.152842,-0.82767224,1
5,8.261034,-0.76844347,1
5,8.129205,-0.611673,1
5,2.441802,-0.1661827,9
5,8.110139,-0.86897206,1
5,-2.7180195,-5.46074,6
5,2.146705,-0.6404253,9
5,-2.936306,5.199503,4
5,-2.5161543,-5.361231,6
5,2.0747683,0.7904233,9
5,-2.485684,0.8578348,7
5,-1.966155,-3.2325733,0
5,0.57522404,-0.44412223,3
5,-1.844626,-2.29045,0
5,-1.8858094,-4.592355,5
5,3.62254,-4.0900517,1
5,3.058387,-0.16991574,9
5,-2.377034,-6.7826757,6
5,-3.327122,-5.1806087,6
5,8.05964,-1.3418005,1
5,7.779024,-0.025943622,1
5,-1.7204806,4.187497,2
5,-1.249591,3.3437514,2
5,0.77236575,-0.66496766,3
5,-1.9693466,-4.123131,5
5,-1.2404968,4.5652323,2
5,-2.7174785,5.6579256,4
5,-2.9202793,-5.916073,6
5,-1.4345716,-1.7190236,0
5,1.5344374,0.289182,9
5,-2.3700368,2.6578245,9
5,-1.7727277,-3.7279062,5
5,1.5956303,1.6565709,8
5,1.8091776,4.1315036,2
5,-3.208712,5.4418654,4
5,-2.3789554,5.918514,4
5,-1.703965,-2.2675693,0
5,-1.7074441,3.6846726,2
5,-3.262953,2.7693248,2
5,-2.5389273,2.909657,2
5,-2.7550335,-5.751446,6
5,-1.4996749,-2.4894984,0
5,-3.4599967,5.4856243,4
5,8.342679,-0.044487506,1
5,-1.3599987,-1.5624824,0
5,-2.070142,-5.2977605,5
5,-3.3391707,0.37946665,7
5,-1.1063974,-4.1870832,5
5,2.4639688,1.4153073,9
5,0.03824921,2.827181,8
5,0.7659139,4.1148725,8
5,-2.7335408,-6.043607,6
5,0.43395573,2.3352284,8
5,-1.430592,-3.998952,5
5,-1.895721,-4.343822,5
5,1.651125,-0.66042733,3
5,2.5606997,0.24375898,9
5,2.2010615,0.67528594,9
5,-1.5706233,-1.7249266,0
5,-3.625184,5.6243916,4
5,-1.340204,-4.3297153,5
5,-1.9699986,-4.6750317,0
5,1.0404185,0.45612177,9
5,-3.854158,5.426405,4
5,-1.5618088,4.0347633,2
5,-0.7897981,-4.0308595,5
5,-2.0689332,-4.503346,5
5,-0.797648,4.2348423,2
5,-3.4119148,5.7832093,4
5,0.67998797,-0.2947553,3
5,-1.504428,4.7012563,2
5,1.80264,-0.33997652,9
5,-2.2288394,-7.5436406,6
5,-0.8693797,-1.8772603,3
5,2.1111662,0.52813494,9
5,-1.6031156,-4.728671,5
5,1.3333479,0.47332525,8
5,0.42941576,-0.30642116,3
5,-2.9041116,-5.475051,6
5,-2.6272557,0.5399023,7
5,-3.2493181,0.5484848,7
5,-2.9827182,5.8014145,4
5,8.191055,-0.5469558,1
5,-0.6262536,5.051426,2
5,2.5941477,3.1880255,2
5,-2.9550784,-5.646319,6
5,0.8411124,0.641222,8
5,-1.912409,4.518995,2
5,1.0181748,1.6943551,8
5,-2.7249188,0.86703205,7
5,-3.1901782,-5.325722,6
5,-3.2675223,5.5036907,4
5,-1.7951868,5.533877,4
5,-0.90280914,-1.1036454,0
5,-3.0196462,5.3784237,4
5,-2.829612,5.7610474,4
5,2.6271381,-0.21762651,9
5,-1.1600327,0.2983135,7
5,-1.9737941,-4.339785,5
5,-0.34410244,4.484566,2
5,-0.38566494,-1.6102846,3
5,-1.5190085,4.616312,2
5,-1.6743789,-2.0657475,0
5,-0.86380076,4.768372,2
5,3.370791,1.4129895,9
5,2.2034228,-0.0005351752,9
5,1.8014593,1.1444911,9
5,-2.8399744,-6.1606994,6
5,-1.6537937,-2.5496907,0
5,-1.8881819,-4.34843,0
5,-1.6722885,-4.0291357,5
5,-1.7671056,-4.368284,5
5,-3.543461,5.6478906,4
5,-1.7095639,-2.7156625,0
5,-2.088379,3.5242283,2
5,-3.0260305,4.3229613,4
5,8.130674,-0.7408507,1
5,-3.1388083,5.4642906,4
5,1.7954959,0.3015474,9
5,8.209221,-0.8314389,1
5,-3.0802279,5.2565875,4
5,-1.5775614,-4.325005,5
5,-0.9205566,4.6794553,2
5,-3.6115935,4.984526,4
5,-2.6498504,0.32205272,7
5,-1.7362145,-4.149759,8
5,-1.6762038,-4.334622,5
5,-2.6587923,1.0873059,7
5,0.9143349,1.8988779,8
5,-2.5892773,-4.6907144,5
5,0.7109214,-0.5493692,3
5,-1.3078156,-4.193323,5
5,-1.7473516,-0.7326647,0
5,7.775819,-0.22980899,1
5,0.20040423,0.22098812,3
5,0.39935064,1.9695653,8
5,0.81036747,-1.2946299,3
5,-2.055079,3.7415075,2
5,0.5623601,-0.6762891,3
5,-2.044386,-3.7810426,5
5,-1.3617227,-3.9180846,5
5,7.6379633,0.12109122,1
5,-1.3899451,4.059565,2
5,-2.8603377,-5.0211616,5
5,-2.4152772,-4.171051,5
5,0.72877735,0.1518799,3
5,-0.41049248,4.3596888,2
5,0.3462258,-0.5056045,3
5,0.1923539,5.1748343,2
5,1.9106998,0.5942422,9
5,8.205541,-0.7236912,1
5,1.5005198,1.3726909,9
5,-2.860837,4.4105754,2
5,2.2654963,0.970116,9
5,0.40009588,1.9345956,8
5,0.7444181,-0.38895473,3
5,-0.21319649,1.389792,8
5,7.751712,-0.4553211,1
5,0.9939152,-0.3848103,3
5,0.27019566,-0.5444609,3
5,1.4364561,0.39976752,9
5,-2.785043,0.2241239,7
5,-4.2030973,2.7943895,4
5,0.44095778,0.056590304,3
5,1.546323,-0.6729748,3
5,-1.0233133,-1.634912,0
5,-1.1281517,-5.279807,5
5,-1.1989152,-4.2116985,5
5,-0.2497532,-2.6392345,3
5,2.5414011,-0.09820327,9
5,8.200126,-0.9223366,1
5,7.8609457,-0.4987531,1
5,8.045955,-1.1986418,1
5,-2.5587738,0.8670621,7
5,7.7667294,-0.4944559,1
5,-3.4509687,5.714473,4
5,8.060456,-0.82803106,1
5,1.795752,2.4690053,9
5,-1.8141057,4.032979,2
5,0.9402095,2.8062348,8
5,-1.437839,-2.0723765,0
5,-1.6461672,-4.106726,5
5,-0.8868395,4.587561,2
5,-1.6696625,4.2124896,2
5,1.4411521,4.754481,2
5,7.893793,-0.18723622,1
5,8.281541,-0.25467116,1
5,1.3628107,-2.623704,9
5,1.5995632,2.4751866,8
5,-2.5192106,5.1905212,4
5,-1.5043144,-2.8772848,0
5,8.10538,-0.46321598,1
5,-1.5165519,-2.836858,0
5,-3.5436509,0.102055594,7
5,-1.8839653,-3.4815252,5
5,-2.5056512,-3.9050832,5
5,7.986184,-0.3636302,1
5,8.079294,-0.49521187,1
5,-1.2046909,4.720735,2
5,1.776522,-0.051149666,9
5,1.3468678,2.1076598,8
5,0.59553635,-0.75401294,3
5,7.548501,-0.107043356,1
5,-2.9650002,-5.523176,6
5,1.7468572,-0.13045052,9
5,0.10567701,4.047932,2
5,-1.5616413,-2.9890766,0
5,-3.5557785,0.69348824,7
5,0.54792136,-0.45939055,3
5,0.18151715,-0.98164177,3
5,0.7440704,-1.0699111,3
5,-0.37286037,-0.96099615,3
5,-1.5971377,-2.2421436,0
5,-1.3653169,4.5751576,2
5,-1.8334032,-1.402808,0
5,0.45840418,-0.4502907,3
5,-2.990393,-5.554984,6
5,-1.3829498,-2.158864,0
5,-1.9957694,-3.9161935,5
5,-4.6941595,5.1642237,4
5,-3.798157,-0.91753995,7
5,8.354267,-0.3236809,1
5,0.639696,5.144108,8
5,0.7357829,-2.589023,5
5,2.5109367,0.104228824,9
5,0.943223,-0.16121495,3
5,-2.9591024,6.1175146,4
5,-1.3961791,-2.3154056,0
5,-1.5566374,-2.0926917,0
5,-4.412697,-1.6922067,4
5,2.827745,0.18908745,9
5,-2.9289212,-1.4561588,7
5,-1.4963459,-1.9084424,0
5,-1.7690375,4.7160287,2
5,0.9612584,-0.17909062,3
5,-2.1539183,4.251456,2
5,-2.6490436,-5.333249,6
5,-1.7256995,-2.7064362,5
5,8.246506,-0.4162971,1
5,0.45765108,0.61893857,8
5,8.146692,-1.0998938,1
5,1.5969337,-0.282846,9
5,8.075427,-1.1516918,1
5,-1.5332085,2.9481997,9
5,-2.5966136,5.78295,4
5,0.3603003,-0.66329336,3
5,0.8555471,1.0715039,8
5,-3.9543607,0.6500796,7
5,1.9220295,2.4771345,8
5,-0.64349437,3.8047302,2
5,0.4238721,2.9175415,8
5,-3.2470684,5.607057,4
5,-1.4325577,-2.02263,0
5,-1.0107669,4.7983723,2
5,-3.0083997,0.21971051,7
5,0.38728786,2.3110096,8
5,-1.4628693,5.253263,4
5,-1.7473329,-3.6587436,5
5,-1.222116,-1.8167851,0
5,8.330059,-0.3680453,1
5,-3.4576132,-0.31025627,7
5,1.3707883,1.9277312,8
5,-2.721538,5.857212,4
5,0.6914471,2.2675085,8
5,-1.7954165,-3.7654212,5
5,1.6883528,1.2118285,9
5,-3.1691306,0.60580564,7
5,1.0718379,-0.8696071,9
5,-1.4303665,-0.40688416,3
5,0.5069777,-1.4714886,3
5,-1.5193726,-2.2247288,0
5,-3.337385,0.40145135,7
5,-3.0585825,5.5501876,4
5,2.2933872,2.348974,8
5,0.012316391,3.7501333,2
5,-2.2088737,-0.9090636,0
5,8.028167,-0.89263856,1
5,6.999403,1.5809805,1
5,-4.139253,-0.46225515,7
5,8.014149,-0.24749073,1
5,1.4111283,3.3252163,9
5,-1.9726657,-4.667926,5
5,1.546976,1.9034911,8
5,-1.3375956,-2.1758912,0
5,-0.4818307,4.3813457,2
5,7.361493,-0.81294656,1
5,-3.6907763,5.358625,4
5,0.66123486,-0.3324557,3
5,2.1999638,0.94691753,9
5,8.288022,-0.5775105,1
5,-2.2548604,0.950194,7
5,1.3454441,1.4317726,9
5,8.044122,-0.93475235,1
5,-1.4968362,-2.2090955,0
5,0.3395759,1.2467859,8
5,-1.8247823,-3.5964878,0
5,-0.45742488,3.915336,2
5,-1.6787122,-6.394129,6
5,-2.5304081,0.07791739,7
5,-2.7751267,-6.09769,6
5,-1.7298697,-4.341825,5
5,1.4020433,1.7866163,8
5,0.25901723,2.2643805,8
5,0.7147509,-0.42208925,3
5,2.648124,0.03575158,9
5,1.134189,1.7341945,8
5,-1.550573,-3.8330107,5
5,-1.759859,-5.9438233,6
5,-3.1075394,-5.627819,6
5,0.92744565,1.7767727,8
5,-3.0766919,5.8543315,4
5,1.0308365,2.6631064,8
5,-2.222902,5.701716,4
5,2.17997,0.4405458,9
5,8.158464,-0.32385162,1
5,8.175285,-0.37100604,1
5,8.023426,-0.2771506,1
5,6.3435802,2.237532,8
5,-2.3486094,-7.0073066,6
5,2.13439,0.5285816,9
5,7.8261538,0.3045479,1
5,7.893564,-0.216382,1
5,1.2133689,2.6288743,8
5,8.113155,-0.8190353,1
5,8.092995,-0.5700104,1
5,-0.9697032,4.1469817,2
5,-3.5367236,5.4452534,4
5,-1.6228137,-4.117722,5
5,-1.2071769,-1.7373435,0
5,-3.954166,4.9913654,4
5,1.1913091,2.189304,8
5,-2.246099,6.2892566,4
5,8.148054,-1.0876188,1
5,-3.9131079,-0.3029978,7
5,1.9910104,0.3604142,9
5,-0.8037784,-1.4468265,3
5,0.57541066,0.8420434,9
5,-2.0314548,-4.3238335,5
5,-4.3710356,-2.719025,4
5,0.8524481,-0.45391354,3
5,-2.578938,5.8385797,4
5,0.78911096,-1.1958858,3
5,-1.2339606,-1.8494409,0
5,-3.3578932,0.9683738,7
5,-2.4318142,-5.5991917,6
5,0.4659903,3.723086,2
5,2.477159,-0.6415925,9
5,8.121564,-0.96304655,1
5,-1.1636925,-3.2586052,0
5,-2.208887,0.10755788,7
5,0.7859392,-0.85286725,3
5,-2.3078487,6.019856,2
5,-3.1231618,1.0623152,7
5,-2.8093455,-4.205904,6
5,1.5679811,-0.32401222,8
5,-2.660859,5.88705,4
5,2.82526,3.5186026,2
5,-2.7488809,5.9555383,4
5,2.531677,2.3706691,8
5,-0.89865977,-0.25910398,7
5,1.1147807,-0.18466264,8
5,1.0322678,0.27828676,8
5,-1.5817609,-5.240688,6
5,-2.1485028,1.1934186,7
5,-1.5290864,4.8461943,2
5,-3.8362463,5.410447,4
5,-3.3299832,0.70936596,7
5,-3.7494073,5.5753417,4
5,-3.463959,-6.700378,0
5,0.93498266,-0.73751235,3
5,0.21132392,-0.1308938,3
5,-1.1980647,-1.7213808,0
5,-2.8306942,0.73188543,7
5,0.5243066,-0.79057205,3
5,-3.120773,0.7805793,7
5,8.2118435,-0.9845587,1
5,-3.2702515,0.25956926,7
5,-2.4689898,4.9478064,4
5,-2.9028056,5.6503,4
5,7.8182926,-0.50701976,1
5,-2.829126,-7.3799224,6
5,-1.1204319,4.501024,2
5,-3.6085155,0.890409,7
5,-1.6690366,1.2412782,7
5,-3.032763,-6.7478046,6
5,-3.0449457,5.732928,4
5,-2.0811384,-4.8863215,5
5,2.3744073,1.1538684,9
5,-1.5390053,0.42930117,8
5,-1.554851,1.499765,7
5,-1.3029878,-4.2857485,5
5,1.1942765,2.437458,8
5,1.4216433,2.4853,8
5,-3.830924,5.5505033,4
5,0.7490018,-0.51010215,3
5,7.870085,-0.1929712,1
5,-0.29762703,2.1507688,9
5,0.8271736,-0.9747695,3
5,-1.5007318,3.8265657,2
5,1.1967784,0.010114148,3
5,0.5761664,-0.57525885,3
5,-2.5456865,1.0832452,7
5,-2.304562,-4.0959063,5
5,7.8961535,0.68572676,1
5,-2.506774,-4.5296497,0
5,-2.1479082,-5.1652594,6
5,-1.8136885,-3.5102746,0
5,-2.628699,-6.685159,6
5,-2.0676384,-4.97036,5
5,-2.7554767,-6.6332784,6
5,-2.9986427,-6.9736443,6
5,8.076471,-1.0122045,1
5,-1.5526254,-2.3837717,0
5,1.9662676,0.3734326,9
5,-0.95190346,-0.13889861,0
5,0.8197479,0.31381166,8
5,1.4661415,-0.8068466,9
5,1.2668681,0.31827974,9
5,-1.3451276,-3.777987,5
5,-1.5215225,3.9125981,2
5,1.756229,-0.035607412,9
5,-1.7695525,4.853188,2
5,0.08300513,1.3769214,9
5,-0.15955257,3.9050333,4
5,-2.6304402,-4.256817,5
5,0.82546973,0.17909536,3
5,-2.8743982,5.111417,4
5,0.7411544,-0.4559751,3
5,-2.7436202,4.029846,2
5,-2.9677334,-6.748581,6
5,-1.7528117,-3.6612089,0
5,7.912136,-0.3229453,1
5,-1.48252,-2.4162295,0
5,-2.0737023,-4.442434,5
5,-1.5946587,-3.6238854,5
5,0.22837055,-0.8405087,3
5,7.9982615,-0.47582075,1
5,1.6792401,-0.6817621,3
5,-0.06399155,0.80898833,3
5,-1.4898225,5.4692607,4
5,2.0678568,1.623959,8
5,-0.57534885,5.255525,2
5,-1.3392384,-3.9200401,5
5,-2.7473218,-5.5215316,6
5,-2.9128945,5.455284,4
5,0.44121832,-0.12611592,3
5,7.9990015,-0.72978055,1
5,1.2705898,2.1683319,8
5,2.5380673,0.75391483,9
5,-1.8533465,4.1871305,2
5,-3.0199645,6.0496197,4
5,-1.3431181,-4.7043037,5
5,0.50163007,-1.09592,3
5,0.88644636,1.3856549,8
5,-2.761441,-5.0733495,6
5,-1.3122966,-1.6351721,0
5,0.93959093,2.4880009,8
5,8.036227,-0.46205696,1
5,-1.9478104,-4.228543,5
5,-2.1489906,-5.158394,5
5,-3.2857828,-0.10268685,7
5,-3.0792167,0.6609921,7
5,-1.3435756,-2.4322255,0
5,-2.4985049,-5.1976595,6
5,-2.8319197,-5.513841,6
5,-2.3451343,-5.52337,6
5,-2.8696206,-4.9648957,6
5,8.185732,-1.0440179,1
5,-1.5063463,-4.716221,5
5,1.0277866,0.7785616,8
5,-1.3438203,-2.3602765,0
5,-1.5877942,-4.306693,5
5,0.53973156,-0.46379992,3
5,-1.712759,-3.2021236,0
5,-1.6893991,-2.9762886,0
5,-3.456614,0.93624187,7
5,-2.6568334,1.0864002,7
5,0.79227614,-0.00764738,3
5,-1.2556739,-1.0585061,0
5,-2.7327616,-5.8834105,6
5,-1.3458729,-1.047441,0
5,-1.6179094,-1.8913523,0
5,-1.725714,-4.6901464,5
5,-2.9515488,5.640646,4
5,2.401889,0.96226716,9
5,-3.6214576,-4.4973564,6
5,-2.7686508,3.3774247,2
5,-1.478017,0.57689023,7
5,0.32212657,0.07377657,3
5,8.149297,-0.8314352,1
5,-2.4726138,-6.137831,6
5,-0.11506342,-5.5864754,6
5,1.4313626,1.9698064,8
5,0.9249332,2.1334732,8
5,-2.9361436,5.6592307,4
5,-0.38155574,4.90092,2
5,8.28417,-0.475181,1
5,0.8515619,1.7554033,8
5,-3.0722754,5.182613,4
5,1.9370165,-0.598415,8
5,-0.21476504,-0.22501403,3
5,-1.7893127,-3.1980631,0
5,-0.9200386,4.3112226,2
5,-0.46877056,4.2372203,2
5,0.43532026,-0.17869765,3
5,1.7526665,0.05501098,9
5,-1.9702933,5.139453,2
5,-0.9697981,-1.1806319,0
5,7.739851,0.0016283244,1
5,1.2256514,-0.53167474,3
5,0.8632481,-1.3579895,3
5,2.687599,0.29256856,9
5,-3.3751614,6.1911683,4
5,-1.3861495,-4.502878,5
5,8.408807,-1.1104132,1
5,0.6014007,-0.8160883,3
5,-2.2867537,4.4154,2
5,0.7471796,2.5179768,8
5,-2.3469512,6.2510877,4
5,-1.3398215,4.797452,2
5,-2.758319,4.9124,4
5,-1.5650537,-1.9262627,0
5,-3.2909074,-2.9343894,0
5,-1.7982869,4.6442394,2
5,0.82847,3.7997115,3
5,1.2713466,0.6962421,8
5,0.0551517,4.3951607,2
5,-3.3238752,0.64611983,7
5,-0.32575363,5.0381613,2
5,-0.90531844,4.49623,2
5,0.65592474,0.44862166,8
5,-2.0068545,-4.29689,5
5,8.052229,-0.65490913,1
5,-2.5702472,-5.8727684,6
5,-2.6731427,0.7085633,7
5,-3.0385404,0.92906725,7
5,7.9921694,-0.20237124,1
5,1.3489697,1.5099164,8
5,5.0723276,0.7919184,9
5,-3.0635035,6.1185913,4
5,-3.2342017,-5.365418,6
5,-2.3810406,-5.737885,5
5,-3.1514502,5.4140825,4
5,-1.6483934,4.0570855,2
5,1.9714057,0.783972,9
5,1.1747881,1.779984,8
5,-3.1055062,5.577312,4
5,1.7531577,-0.1466513,9
5,-0.8763759,5.790058,2
5,0.5155498,-0.7060547,3
5,-1.3738204,-3.0275881,0
5,-1.4533095,4.4492536,2
5,-2.3127322,-7.167762,6
5,-3.288608,5.660379,4
5,0.45198894,-0.9072441,3
5,0.56059027,-0.21120045,3
5,-0.93555224,-1.6550369,0
5,8.221539,-0.60649,1
5,1.6084987,1.3265591,9
5,-1.3034129,-0.7032546,0
5,2.2253745,0.046925157,9
5,0.41427362,-1.853974,3
5,0.9751315,1.7493947,8
5,8.16295,-0.70965636,1
5,-2.6659577,4.462278,2
5,1.916254,0.67223155,9
5,-2.4585745,-4.5773964,6
5,-1.867573,1.6050371,7
5,8.1232,-1.0457436,1
5,0.50616366,-0.14870596,3
5,-1.9233791,0.622393,7
5,0.31270385,0.2677049,8
5,8.005208,-0.3643436,1
5,0.4750226,-1.119488,8
5,1.2794147,0.3706112,9
5,-1.9646815,-4.391947,5
5,-3.1703734,-5.318366,6
5,-1.6462505,0.18419832,7
5,-1.6499968,4.8063016,2
5,2.2094374,1.7451724,8
5,-2.6548066,-6.153331,6
5,-1.4157832,-2.3317535,0
5,0.47977293,0.13681105,3
5,2.004163,0.17673822,9
5,0.29181808,0.988989,7
5,-2.407837,1.3756279,7
5,-2.129525,-0.74651456,7
5,0.8871902,-1.1553408,3
5,-3.1095786,-5.545079,6
5,-2.0474522,5.143052,4
5,2.2607017,-0.31487158,9
5,-2.5987396,5.3540506,4
5,-3.109353,-4.8281374,6
5,1.2792356,4.4168377,2
5,2.1923246,1.4059662,9
5,-1.0869867,-1.968728,0
5,1.3388257,0.58800507,9
5,-3.1494799,-6.1192813,6
5,-1.7870275,-3.3395956,5
5,8.170547,-0.3065206,1
5,-3.536914,5.7798624,4
5,-4.2765446,5.2722325,4
5,0.8685745,-0.5202799,3
5,0.1104328,-1.6260589,3
5,-3.042454,5.3217616,4
5,-1.7721362,4.2992783,2
5,1.6395017,0.8882266,9
5,0.992751,2.2405272,8
5,-2.8114944,1.0520154,7
5,-2.6985085,6.129355,4
5,2.8468053,0.21412952,9
5,-1.3928694,-3.226494,0
5,0.60654986,0.9617692,8
5,-2.754097,0.79147995,7
5,-1.7857413,-4.051861,5
5,8.312945,-0.74079597,1
5,-1.583966,-1.5309433,0
5,-1.5206834,-2.1373627,0
5,-1.907186,4.9859867,2
5,-3.4574335,3.1311717,9
5,-2.026861,-4.7044787,5
5,-3.4776752,-0.34709236,7
5,-3.4849157,0.7150115,7
5,-2.2406843,-4.7753234,6
5,-3.1326268,5.6981936,4
5,-2.1968582,-6.164069,6
5,-3.2303634,5.3896637,4
5,-2.3115323,-6.092967,6
5,-2.3735316,1.0930127,7
5,-0.79680544,5.6377754,4
5,1.0938797,1.92517,8
5,-3.0180378,-5.7557335,6
5,-1.5371671,-4.1551237,5
5,-0.007126197,3.8058476,2
5,0.59336865,-0.19179502,3
5,0.340239,3.0073562,8
5,-3.3132944,5.2501783,4
5,-2.325718,-4.238541,5
5,-1.9527358,-4.1943417,5
5,-1.3897861,-1.8516146,0
5,-2.9666667,-4.7631083,6
5,-1.7588857,-5.024311,5
5,-3.3300917,5.1368685,4
5,-1.7797598,3.9357803,2
5,1.5636327,0.21694708,9
5,-0.9372742,-1.769173,0
5,-3.4303164,1.017118,7
5,1.4139552,1.7338907,8
5,-2.3544128,-6.4624243,6
5,-2.6464312,-6.5029345,6
5,0.74593836,-1.0062833,3
5,2.4956026,0.62412995,9
5,-4.35485,-2.0526826,0
5,-1.8598831,-3.3494012,0
5,-3.2953985,0.21112248,7
5,-0.2815786,-0.61969936,3
5,8.205133,0.060870714,1
5,-3.0668528,5.9220896,4
5,4.3097963,0.38790876,7
5,8.158133,-0.76197267,1
5,-1.6347245,1.3411245,7
5,0.6067216,2.1520712,8
5,-1.7140872,1.579466,7
5,3.1098692,0.30703554,9
5,1.6898015,1.3261741,9
5,0.8875196,-0.39442292,3
5,-3.35287,0.7152269,7
5,1.0662723,0.30367577,3
5,0.23496053,-1.6954014,3
5,-1.1965302,4.2157025,2
5,-3.0475852,5.45113,4
5,0.5763222,1.2882334,8
5,-0.95121855,-3.1842897,5
5,0.99547076,-0.09183505,3
5,-1.7516081,4.8591123,2
5,-1.9636596,-1.782734,0
5,0.30099642,-1.1376023,3
5,-2.2934687,5.3481064,4
5,-2.6741838,-5.7715077,6
5,-0.8999498,3.6380603,2
5,-3.0381997,0.2566865,7
5,1.9522755,-0.45840737,3
5,-2.4869392,-6.5275664,6
5,-2.4015522,-5.7195234,6
5,-1.581414,-4.4931083,0
5,0.042821735,2.2090604,8
5,-1.3492084,4.5382986,2
5,2.0876284,-1.4208081,3
5,-1.4776697,-5.0711975,5
5,-0.42484096,1.0023972,7
5,0.70930636,0.46455446,8
5,-3.791594,5.5582857,4
5,-2.720771,1.2915354,7
5,7.9509726,-1.2577671,1
5,-1.8451012,-5.604634,6
5,-1.7600412,-2.071013,0
5,-2.5598528,-3.2892718,5
5,1.6555882,-0.6855533,3
5,1.6243422,4.11947,2
5,-1.4410478,0.25963873,8
5,-0.16676924,1.1137017,0
5,-1.6339471,4.525508,2
5,-2.566565,-7.1203775,6
5,-3.034863,-5.489118,6
5,-1.5247649,-3.8013859,5
5,-2.9093904,5.9789033,4
5,-0.740589,4.219755,2
5,-2.370756,-6.092599,6
5,-2.826126,-6.024294,6
5,-1.230412,4.5704093,2
5,0.2649893,-0.77843046,3
5,-2.5663373,-5.828192,6
5,8.23264,-0.39950046,1
5,-1.4421247,-1.519419,0
5,-1.6395583,-5.186216,6
5,0.7122583,2.204686,8
5,-1.8405126,-4.5174565,5
5,8.169017,-0.8633896,1
5,-1.3793187,-3.7773278,5
5,0.50747776,3.2076497,8
5,0.84787035,1.6438317,8
5,-2.8418527,-5.006313,6
5,-3.482633,5.2471447,4
5,0.96898985,3.1062806,8
5,1.1622928,2.3110063,8
5,-2.9167004,5.6927023,4
5,7.8357544,-1.7820622,1
5,-1.8170837,-4.1663213,5
5,-2.2078722,-4.0058174,5
5,1.6854209,0.3664996,9
5,-2.7921116,-5.472681,6
5,1.5250725,0.81771886,9
5,7.9581757,-0.07097013,1
5,-3.016198,0.19450842,7
5,-2.8693361,5.4834785,4
5,1.0567509,1.2102995,8
5,-2.595998,-7.0342784,6
5,-1.8699751,5.749943,4
5,0.36190587,2.5087855,8
5,-2.4382157,3.5431983,2
5,-2.9439104,5.816928,4
5,-1.8462963,-4.895514,5
5,8.183252,-0.48824868,1
5,-2.7452018,-6.037942,6
5,-3.105662,0.30180597,7
5,-2.7200902,5.533149,4
5,-3.5485961,0.3674948,7
5,-0.9799488,-4.2357097,5
5,-2.752165,-6.8584905,6
5,-1.9761558,0.6557516,7
5,-1.554,3.6096032,2
5,1.4426842,2.1547213,8
5,-1.7267159,-4.210163,5
5,-1.220614,-1.1288031,0
5,3.2236001,0.8045341,9
5,-2.5714045,-5.989144,6
5,0.741574,-0.8127383,3
5,7.8773527,-0.4827356,1
5,7.8806458,-0.57311594,1
5,-3.8157809,-0.52249897,7
5,-0.3300094,-0.78828645,3
5,-3.8456836,5.4421954,4
5,2.6570282,2.786974,8
5,-1.1734705,2.2763386,2
5,-4.1095695,5.625981,4
5,-1.1850092,-1.5080389,0
5,8.119175,-0.33357882,1
5,-1.6731439,-3.6059778,5
5,0.43554932,-0.6150837,3
5,-3.1630979,-5.176209,6
5,-1.4174974,-4.4323525,5
5,0.55875516,1.639346,8
5,5.279233,1.9200809,7
5,1.3360673,0.9532839,9
5,-1.8219947,-4.4883533,5
5,2.018219,0.10072341,9
5,-3.4505286,1.1298976,7
5,-4.3592834,-4.156889,6
5,8.005444,-0.70007885,1
5,1.4212996,2.6176364,8
5,-2.7144194,-6.125175,6
5,-0.16900603,-1.2682843,3
5,0.70041496,-0.6412685,3
5,-2.5391202,1.2612563,7
5,-3.001999,-5.476557,6
5,-2.7704868,-5.3491817,6
5,8.373681,-0.3152749,1
5,7.9137583,-1.1265119,1
5,-1.1262128,3.3110936,2
5,-1.8141869,-5.468259,0
5,0.27077872,-1.5555507,3
5,-2.9767215,-0.09845376,7
5,-0.8735465,-1.5840433,0
5,-2.0474596,0.13180186,7
5,1.2943116,0.0066033453,3
5,-2.2394128,-4.036082,5
5,-3.1355653,0.6188949,7
5,-3.1410086,5.265749,4
5,0.74405617,-0.873397,3
5,-3.3129067,1.5193477,7
5,2.0011935,3.7104201,2
5,-2.1761622,-5.318795,5
5,2.2329104,-0.40063497,9
5,-1.8045489,-4.5986376,5
5,0.8177451,-0.12265664,3
5,1.5027252,1.883937,9
5,1.6121414,1.3397572,8
5,7.9102383,-0.32788607,1
5,-2.6552813,-0.15131366,0
5,1.8112364,-0.5363934,9
5,0.34803516,2.704946,8
5,-1.2324295,-2.434204,0
5,1.6296657,1.2081693,8
5,1.194534,0.011506036,3
5,-1.9220492,-1.9969658,9
5,0.809605,2.597449,8
5,-0.15544683,-0.7340729,3
5,-0.15565845,5.760666,2
5,2.0567336,-0.25040042,9
5,-3.1846373,-6.3430934,6
5,1.5004996,3.7073288,8
5,-4.038286,5.643862,4
5,7.94956,-0.66882515,1
5,2.2712939,2.3292105,8
5,-1.6477927,-2.9943252,0
5,-0.15324885,-1.2539548,3
5,0.78364486,3.6761448,2
5,-2.6854734,5.944304,2
5,8.033197,0.16543743,1
5,1.5627049,0.75536585,9
5,8.202998,-0.63143826,1
5,-1.1070143,-2.2198892,0
5,-1.9014645,-1.7796743,0
5,-1.1634917,5.346946,2
5,-1.3374469,0.41968435,3
5,-2.0130582,0.6069936,2
5,-1.167096,-1.7310742,0
5,-0.1093035,-1.203103,3
5,-1.4360507,-3.371947,0
5,3.1692364,2.706907,9
5,-1.4946053,-1.6347654,0
5,7.812991,0.16346115,1
5,-2.074842,-4.1421084,5
5,-2.9720314,5.494812,4
5,-1.7637315,-4.01686,5
5,-1.3796685,1.6160244,8
5,-2.6130962,0.5785365,7
5,0.9438664,1.5858878,9
5,-2.0119586,-4.7375436,5
5,0.730342,1.8010497,8
5,1.1376792,1.9100314,9
5,-2.2505052,3.230623,2
5,-2.4868045,0.77979517,7
5,0.5093087,-0.4866632,3
5,0.0047736466,-0.5967294,3
5,-3.238309,1.0242051,7
5,0.23473123,-0.3891776,3
5,-2.2015905,6.11676,4
5,-3.1408062,4.206979,2
5,-3.0157745,-5.3207603,6
5,-1.8376676,-4.024523,5
5,-1.3119831,-1.3571395,0
5,1.6490092,2.0649223,9
5,-2.0860758,-4.4189277,5
5,-4.5910997,1.3661633,4
5,-3.374066,1.0701177,7
5,-0.22922833,4.081592,2
5,-3.231113,3.8859997,7
5,-2.154786,3.2897823,2
5,-3.4997723,5.7523375,4
5,-2.9170094,-6.281968,6
5,-0.26512185,-4.0428705,5
5,1.6315608,0.30749184,9
5,0.6945738,2.1422048,8
5,0.6366705,2.8479943,8
5,-3.0258863,-5.948538,6
5,0.81892526,-0.6884959,3
5,-3.3164115,5.929432,4
5,8.181401,-0.82726514,1
5,-2.9558578,-5.879515,6
5,-2.509979,-5.0923505,6
5,0.035085946,-1.143472,3
5,2.6783996,-0.35166898,9
5,-1.287772,6.0948343,4
5,-2.0046015,-4.5371056,5
5,-2.8171935,5.5057206,4
5,7.8906536,-0.6262609,1
5,-3.2380302,0.2532475,7
5,-1.7491373,4.244864,2
5,-1.4712229,-2.5558636,0
5,8.279949,-0.7500659,1
5,7.71399,-2.1493213,1
5,-2.1819143,0.63615704,7
5,-3.630533,5.132173,4
5,8.149392,-0.65634906,1
5,0.36204392,-0.75113153,3
5,0.7281957,1.7215953,8
5,-3.0740879,0.8348943,7
5,2.157911,-0.2856152,9
5,-0.48330373,4.9369845,2
5,-1.2436047,-4.931268,5
5,-2.4343529,0.43599266,7
5,-1.4679906,-1.7616947,0
5,-0.2565286,-0.8574412,0
10,-7.3911333,1.6770097,1
10,1.2509248,3.8545623,7
10,3.225086,-3.4284303,2
10,1.4265864,3.6311543,7
10,2.0571935,-4.317946,2
10,2.8739212,-3.978215,2
10,-7.3747153,1.432492,1
10,2.6992965,2.9115376,4
10,-3.2552645,-0.635314,9
10,0.9955994,-1.3002719,3
10,-6.9417524,2.6515312,1
10,4.175254,0.5234746,4
10,0.9414459,-2.2249713,0
10,1.8190356,4.0771775,7
10,-7.2297707,1.1264608,1
10,-2.6026251,1.0646429,5
10,1.3575517,-0.85079366,0
10,0.8399089,0.25744316,0
10,-1.5755367,-3.0528903,6
10,-1.107373,2.4000752,9
10,1.7238715,3.9570677,7
10,2.0507824,7.0040183,8
10,4.153407,1.2380567,4
10,-2.6772585,-1.0349091,9
10,-1.0641263,3.3050115,6
10,2.353334,4.722564,8
10,-0.32466495,-3.5598965,5
10,2.0802116,-4.4668593,2
10,1.5309353,-1.3168926,3
10,-1.1375296,-2.9366317,6
10,-1.3593333,-3.3783746,6
10,2.9765835,-3.879179,2
10,-3.3241076,-0.71443635,9
10,0.7372804,-1.4102371,0
10,-2.4706607,-1.4272728,4
10,-1.2257917,-2.916226,6
10,0.4530619,-0.88961583,0
10,-0.14736181,-0.61061835,5
10,-2.2473538,0.936538,9
10,3.2456133,-3.7294004,2
10,4.4305143,0.5770907,4
10,1.2777513,-2.2303839,3
10,2.6373637,-4.4575825,2
10,-0.85824233,-3.6665394,6
10,-1.0864322,-3.2306325,6
10,-2.5345428,-0.16721882,9
10,2.7158375,-4.0734916,2
10,2.5601046,-4.621816,2
10,-7.149403,1.7630538,1
10,2.8376834,-3.875867,3
10,2.0842292,2.9456668,7
10,-2.5894468,-0.12960446,9
10,0.7669502,-1.2792916,0
10,1.8753966,7.050489,8
10,-1.361452,-3.3782072,6
10,1.6965892,6.742551,8
10,2.5252938,3.5133748,7
10,-7.164478,1.57389,1
10,-1.410029,-3.3014505,6
10,-1.3157,-3.790955,6
10,0.90911347,-3.2549822,3
10,1.3164419,-1.6698614,3
10,1.8620955,3.634078,7
10,0.7279123,-1.5390049,0
10,0.15780897,-1.8073286,3
10,3.057844,-4.2904944,2
10,-1.6599787,-3.5475574,6
10,-7.16773,1.966782,1
10,-2.451451,0.24822603,9
10,0.34019187,-1.2662809,5
10,-7.3614893,1.4498651,1
10,2.8115032,-5.002044,2
10,-7.6518726,1.0306039,1
10,-7.466467,1.1817726,1
10,1.7332878,4.1052446,7
10,-0.41670626,-1.1443346,5
10,1.9715297,3.3867648,7
10,0.7721931,-6.268822,2
10,2.6023686,-4.5777483,2
10,-3.2108653,-0.87177193,9
10,-1.5822241,-3.3816063,6
10,0.66861343,-1.7155027,0
10,0.5566798,-1.4196427,0
10,2.9613853,-4.1924644,2
10,1.9431323,6.693768,8
10,-1.794589,-3.1632614,6
10,1.3604071,3.6484494,7
10,-1.2718272,-3.345386,6
10,4.9469066,0.5149362,4
10,1.0842198,-1.3874954,0
10,-2.5882566,3.0177245,9
10,-7.2772384,1.390811,1
10,-1.5355026,-3.3291957,6
10,4.761796,0.946342,4
10,0.85684764,-2.245352,3
10,-4.7892537,4.999056,1
10,-7.4979954,1.0847843,1
10,1.8353461,6.6568727,8
10,-1.4856728,-1.6439803,9
10,2.2426498,-3.6830816,2
10,0.8902705,3.9825249,7
10,-0.23241572,-1.4441257,0
10,0.19529495,-0.30967292,5
10,4.3714485,1.9588864,4
10,1.171199,-0.7640318,0
10,4.8339334,1.0230473,4
10,2.0936644,7.012462,8
10,4.6947026,0.41634706,4
10,-1.8980073,-0.27406627,9
10,-7.18945,1.5413165,1
10,0.70290047,4.294792,7
10,-7.2525992,1.5270207,1
10,0.2831546,-0.9855269,5
10,1.0742071,3.7738924,7
10,1.5576775,-2.492142,3
10,-3.30382,-1.6431506,9
10,-3.4299202,0.06792557,9
10,1.0701534,-1.7872952,3
10,2.0673287,6.771063,8
10,1.9495826,-0.90871257,3
10,4.753617,0.9092009,4
10,1.5165205,-1.8691682,3
10,-0.25293267,1.1242771,9
10,-3.4013305,-0.9919386,9
10,-7.2950974,1.6464667,1
10,0.69533116,-2.0923378,0
10,4.4950433,0.69053835,4
10,-1.3672212,-3.4570968,6
10,-1.0534304,-3.003487,6
10,-7.007286,1.9209498,1
10,-0.12725185,-2.3524075,5
10,-0.2931504,-1.4351401,3
10,2.487662,-4.718721,2
10,-0.9250723,-1.0441924,3
10,0.64518374,-1.8425949,3
10,0.8369892,-1.6844687,0
10,2.4288566,-4.366042,2
10,2.4213593,6.320364,8
10,1.5555708,-1.5527595,3
10,2.1099114,6.8097415,8
10,1.9219009,6.47349,8
10,-3.0773048,-0.6343626,9
10,-2.6608813,-0.054098178,9
10,-7.3566775,1.5050219,1
10,1.3541697,-2.2495115,5
10,-2.6028585,-1.6750604,9
10,2.8206866,-4.459658,2
10,1.681087,7.3090787,8
10,-7.487129,1.1332726,1
10,1.6421849,7.0804787,8
10,1.7114162,3.148051,7
10,-7.169147,2.1419442,1
10,1.2603401,-4.5723476,2
10,5.3423147,1.0604233,4
10,0.70550454,-0.8658622,0
10,0.46940976,-1.423062,0
10,1.2176812,3.789981,7
10,0.30564305,-3.246397,5
10,1.0428993,-1.7509542,0
10,0.5434015,-1.4288214,5
10,-3.2063212,-0.90440017,9
10,1.799258,6.8669615,8
10,4.336526,1.0069431,4
10,1.3805902,-4.3561544,2
10,-7.5048146,1.213678,1
10,0.68440956,-1.5170532,0
10,-7.5103974,1.2300013,1
10,2.5361714,-4.0670204,2
10,0.091115415,-1.8350121,5
10,-3.3049963,-0.93068457,9
10,-7.3113694,1.6090016,1
10,-0.53796,-1.3165084,5
10,2.132998,6.7521667,8
10,0.4231708,-1.2093128,0
10,0.09051506,-0.38406616,5
10,-3.439558,-1.2553618,9
10,1.197522,-1.5707623,0
10,-0.19481975,-0.8751685,5
10,0.025955334,-2.2109442,5
10,4.859594,0.5409954,4
10,0.7126163,-2.0390685,0
10,2.6553974,-4.154265,2
10,1.413662,-1.9706286,3
10,0.6511733,-1.373716,0
10,1.4042703,-1.5249264,3
10,1.5329111,3.7708044,7
10,2.068275,6.879068,8
10,0.7836754,-1.0322304,4
10,-7.4798613,1.2826893,1
10,4.5690227,0.62189406,4
10,-1.5074154,-3.1615546,6
10,1.0375928,4.186976,7
10,-2.7641704,-0.82488173,9
10,2.225923,-4.1201844,2
10,0.10630892,-1.6016247,5
10,4.5520678,1.0501882,4
10,2.696509,-4.4789987,2
10,0.6133244,2.9347613,0
10,-7.2584553,1.7709175,1
10,0.6580405,-1.7415451,3
10,0.7143474,-1.1048981,5
10,4.736546,0.3289006,4
10,2.3393066,-4.739318,2
10,-1.1039277,-3.1075203,6
10,1.9819263,7.1025233,8
10,-1.3586265,-3.2367675,6
10,3.2602909,-1.6571112,2
10,1.2078779,-1.7642522,3
10,-0.069481656,-2.0613968,0
10,1.76989,0.82067883,7
10,1.551507,7.0930495,8
10,-7.4263577,1.2935109,1
10,-3.4691172,-1.074373,9
10,0.29426607,-1.3311955,5
10,2.1779628,3.3102288,7
10,0.6300984,-0.9484838,5
10,2.0323188,6.812365,8
10,2.7487872,-4.7624574,2
10,-2.1527424,-1.0222183,9
10,-7.3611484,1.621083,1
10,-7.0579576,0.5394706,6
10,-3.084851,-0.3042764,9
10,-7.4331026,1.3576802,1
10,-7.4031625,1.1962897,1
10,-7.1430764,1.9453535,1
10,-7.277828,1.7900823,1
10,-0.68160135,-0.67646956,9
10,-2.9863176,-1.1033297,9
10,0.016727459,-1.4347337,5
10,-0.10018961,-1.1124165,5
10,-2.8649871,-0.41372806,9
10,1.6337745,-0.60424334,3
10,1.588755,3.6451063,7
10,2.0359187,7.241261,8
10,0.08950115,-1.0432928,5
10,1.7108448,7.2200756,8
10,-2.020139,0.2975006,9
10,0.45432466,-1.8721448,3
10,-7.385696,1.636195,1
10,0.7525449,-1.2666576,0
10,1.5616906,-2.0517216,3
10,-7.5474443,1.2232686,1
10,-1.1457696,-3.3479095,6
10,-7.173087,1.3648894,1
10,0.8164052,-1.1798836,0
10,1.2431644,-1.1553003,3
10,-0.9116013,-2.9680219,6
10,2.619631,-4.4675646,2
10,2.7324831,3.7568653,7
10,-3.0544043,-0.2881213,9
10,-1.0924829,-3.6682565,6
10,0.26587704,-2.3365543,3
10,-3.4265616,-0.7060344,9
10,0.9637117,3.6656141,7
10,1.5591134,3.8272069,7
10,0.024134759,-1.2476476,5
10,-7.3286266,1.5402744,1
10,0.4326113,3.9330852,7
10,1.9858073,6.794898,8
10,0.11706051,-2.4087949,5
10,2.2579262,-4.443256,2
10,0.033744797,-1.12266,5
10,-7.2993393,1.6613271,1
10,1.5134085,3.8800437,7
10,-3.4013662,-0.67840344,9
10,1.962193,6.9823537,8
10,-7.409628,1.3802749,1
10,-3.1723351,-0.9758054,9
10,-7.2551155,1.337343,1
10,-7.011088,2.2236378,1
10,-7.389664,1.3456601,1
10,-3.0687973,-0.2148475,9
10,4.8285685,0.83057636,4
10,-3.6489384,-1.6662265,9
10,1.5014625,-1.4807109,3
10,0.66075164,-1.2094451,0
10,1.1744252,3.4786441,7
10,-3.1355145,0.3959601,9
10,3.1213005,-4.2618775,2
10,-2.4520235,-1.0141236,9
10,-1.6046666,-3.110987,6
10,1.6839774,6.805945,8
10,0.7017662,-1.8796304,5
10,-1.0120249,-3.3500426,6
10,1.2188771,-1.6603225,0
10,0.7315444,-0.6216238,0
10,-1.3368448,-3.2747972,6
10,-7.251654,1.6908681,1
10,2.1016333,-4.547681,2
10,-7.2456455,1.8303335,1
10,0.6622949,-1.5165359,0
10,-7.3619933,1.5525845,1
10,2.8946683,-3.858731,2
10,-7.5640984,0.80308235,1
10,-3.2312171,-1.3118831,9
10,-1.4932846,0.43156976,9
10,-7.324665,1.5682733,1
10,-7.323147,1.7273306,1
10,-7.4416347,1.2556214,1
10,-3.485585,-1.2194324,9
10,-7.4961534,1.1583765,1
10,-0.9866002,-3.007113,6
10,-3.4260018,-1.2325553,9
10,5.4205885,0.20737045,4
10,-1.1882682,-3.9791148,6
10,-2.8999007,-1.0815333,9
10,1.1288359,3.9459057,7
10,0.82546496,-2.0200984,0
10,0.7838146,-1.9550401,3
10,0.7926661,-1.465477,0
10,0.070222,-1.3420233,5
10,-1.973318,-3.0661266,1
10,-2.8291051,-0.60927325,9
10,-1.6161754,-2.7020314,6
10,-0.6987075,-3.1059232,6
10,-7.4691343,1.3273742,1
10,-7.4599695,1.1468846,1
10,3.0201998,-4.1512737,2
10,2.232632,-4.9004602,2
10,0.9653797,-1.0976596,3
10,0.36808375,-1.1816691,5
10,3.230248,-4.073442,2
10,4.3554726,0.47588706,4
10,-1.2679917,-3.2088757,6
10,0.80148244,-1.5419542,0
10,-3.038412,-0.67342865,9
10,-1.4821858,-1.0706121,9
10,-0.20736255,-1.524456,5
10,1.3677444,6.9663253,8
10,1.7413099,-4.165924,2
10,4.745858,0.9063659,4
10,3.724223,0.92737067,4
10,0.9629824,-0.8051389,0
10,2.9967067,-4.5505652,2
10,3.4198265,-2.904388,2
10,2.329844,-4.637005,2
10,-1.4523557,-3.0438507,6
10,0.40792975,-0.96388054,0
10,4.581443,0.5601794,4
10,-6.9404964,2.7236943,1
10,0.6328733,-1.6001514,0
10,0.18318596,-1.2718452,5
10,1.8582761,3.0323224,7
10,0.02206019,-1.1753579,5
10,-3.2983232,-0.8173368,9
10,2.1522713,6.8452945,8
10,2.0517254,6.560063,8
10,-1.376526,-3.1619456,6
10,2.1563914,6.7033253,8
10,0.2053053,-0.9985293,5
10,0.11608182,-0.9210819,5
10,-0.30942,-1.7585508,3
10,-2.9420333,-1.0045031,9
10,-3.2877736,-1.292116,9
10,0.84555024,-1.3343556,0
10,4.5806623,0.93624115,4
10,-0.1137121,-1.0858063,5
10,0.3044973,-0.412083,0
10,-1.9494156,-0.81122875,9
10,4.4347544,1.5242476,4
10,1.8851132,-4.9557495,2
10,-0.393274,-1.022474,5
10,0.03066254,-0.86359495,5
10,2.4798968,-4.5703244,2
10,4.843253,1.2030581,4
10,1.2624178,-1.6113483,3
10,2.8393373,-4.2905107,2
10,-3.2138782,-1.0191876,9
10,-1.8313314,-3.2243414,6
10,1.8202949,-1.8913984,3
10,-3.3002715,-1.410253,9
10,0.14198872,-1.3477917,5
10,1.724278,6.676594,8
10,1.3296547,-1.5109738,3
10,-1.0910127,-3.6740983,6
10,0.41944423,4.457609,7
10,1.5365213,3.2383246,7
10,4.3054523,0.19083282,4
10,-7.452367,1.6948541,1
10,1.0711838,-3.002446,2
10,1.5265769,-4.3039336,2
10,-1.2046248,-3.5482316,6
10,1.031289,7.274348,8
10,2.921389,-4.373558,2
10,1.4662334,7.218437,8
10,1.2510749,3.5027616,7
10,-1.1399646,-3.1619337,6
10,4.689301,1.0012755,4
10,4.531293,2.0264657,4
10,0.87240624,-1.199781,0
10,4.4189296,0.595766,4
10,4.6207857,1.1414009,4
10,-2.9430363,-1.0103111,9
10,1.0155123,4.6447744,7
10,-0.07562582,-1.4419376,5
10,2.3067107,-4.065347,2
10,1.1645304,-2.1642148,3
10,3.0417104,-4.14852,2
10,0.9964198,-1.5863461,0
10,2.7599242,-4.138939,2
10,-0.86298776,4.297338,9
10,-3.117707,-0.367328,9
10,-2.8813286,-1.2014585,9
10,-1.4116617,-3.293535,6
10,1.3639454,-1.9504576,0
10,0.2079196,-1.640827,0
10,0.22872375,-0.8884339,5
10,0.22324832,-1.1952419,5
10,4.5409184,0.6722802,4
10,0.29525727,-1.7186991,0
10,3.2469168,-4.900904,2
10,4.3492002,0.9187317,4
10,-7.531685,1.1730373,1
10,4.7460504,1.2053254,4
10,-2.9788375,-1.3421443,9
10,-7.415985,1.3474944,1
10,3.2614408,-0.8011821,4
10,0.018566867,-1.4397094,5
10,2.2005274,-4.394576,2
10,4.6290684,0.9029568,4
10,1.3038353,3.4554164,7
10,1.8522396,5.3478975,8
10,0.09560798,-1.1262951,5
10,1.1688577,3.6768322,7
10,1.9130383,7.075549,8
10,0.43921193,-1.6590259,5
10,1.13098,-2.0370846,3
10,0.14712945,-1.093652,5
10,0.9936812,-1.2656263,0
10,-7.248086,1.3997804,1
10,1.5419774,-1.1226921,3
10,2.3589144,6.930967,8
10,0.5876335,-1.7971812,3
10,2.7576332,-4.3907094,2
10,0.937819,-1.6838233,3
10,0.7601321,-1.1731248,5
10,0.2662864,-1.0066048,5
10,-7.228435,1.447485,1
10,2.7060997,-4.2243977,2
10,0.21383448,-2.449329,5
10,0.31778502,-0.98508525,5
10,1.4725566,-1.326966,3
10,2.6355064,-4.1852765,2
10,1.1742779,-1.281311,3
10,2.700313,-3.716744,2
10,-2.4154959,0.17481978,9
10,-7.4189734,1.475564,1
10,-1.0824555,0.88545316,9
10,2.814371,-3.972152,2
10,-2.5987024,-1.4244372,9
10,1.8858172,6.837661,8
10,0.7833354,-1.9548924,3
10,2.1679628,6.457114,8
10,-7.2652264,1.5896261,1
10,0.6373058,-1.7012973,3
10,1.2052636,-1.7769237,3
10,-3.0667381,-0.4512771,9
10,1.0622865,3.916507,7
10,4.5434275,0.75986695,4
10,1.664958,-1.9515308,3
10,0.3124371,-1.8981802,3
10,0.49366438,-1.7503766,0
10,-0.9902213,-4.888998,5
10,-0.22775353,-1.4614364,5
10,0.4567943,-0.89594215,3
10,-2.9293988,-0.8436623,9
10,-7.4598546,1.3898184,1
10,-7.4317727,1.2288253,1
10,-7.5268316,1.2093393,1
10,1.0324103,4.161716,7
10,-7.3272324,1.8043934,1
10,4.672724,0.6230291,4
10,-7.5769916,1.1706121,1
10,-2.2856982,-0.0028471164,9
10,2.8101819,-4.5533104,2
10,2.3080904,7.0310335,8
10,0.74486125,-1.3935702,0
10,-0.058001,-1.0547236,5
10,2.8155432,-4.365321,2
10,2.852021,-4.7373714,2
10,3.1138854,-1.702363,2
10,-7.3581967,1.377399,1
10,-7.3807826,1.646186,1
10,-2.951115,0.7742554,9
10,1.7923214,7.130139,8
10,3.4799697,0.1427199,4
10,0.8484464,-0.7732016,0
10,-7.39554,1.3756784,1
10,0.75469023,-1.4148395,0
10,1.9538664,3.0628815,7
10,0.29486617,-1.0107554,5
10,0.7029643,-1.3458523,5
10,-7.389147,1.040245,1
10,-7.2153172,1.8925029,1
10,3.2265358,-4.0424743,2
10,-3.1455362,-1.5536195,9
10,2.2102797,7.547116,8
10,0.70870024,-1.7659422,3
10,-7.308364,1.2199615,1
10,-0.9775037,-3.3970735,6
10,-3.4479432,-1.4073067,9
10,1.993632,-3.9570017,2
10,0.762432,-1.5769774,0
10,1.7544928,3.8776922,7
10,1.0034437,-1.6974121,3
10,1.2146766,-1.6170292,3
10,1.0170124,-1.4354045,3
10,1.6569295,-2.0428536,3
10,0.8330399,-1.3902779,0
10,2.365652,-4.35809,2
10,1.2369947,-1.5214543,0
10,1.2359179,-1.5271851,3
10,-1.9563795,-3.4932947,6
10,0.8780092,-1.5303549,0
10,-0.01276686,-1.9173151,5
10,4.895314,0.44048077,4
10,1.9741406,3.2118018,7
10,-7.3566146,1.6771919,1
10,3.1301975,4.045794,8
10,-2.0071986,-1.0823668,5
10,-3.7445214,-1.5504576,9
10,0.9010536,-1.3712523,3
10,4.654392,0.6222728,4
10,0.42566028,-1.006987,0
10,0.9927262,-1.0305439,0
10,2.9359417,-3.7392578,4
10,-3.2925105,-1.1155729,9
10,1.8555143,2.9317153,7
10,0.5440526,-1.5770284,0
10,3.0722523,-4.267581,2
10,1.0455568,-1.8089198,3
10,2.5963826,-4.5114436,2
10,-1.1396868,-3.55353,6
10,0.29335952,-0.7016429,5
10,-7.325179,1.5723801,1
10,1.9998926,6.495438,8
10,-7.3835325,1.5301132,1
10,-3.19468,-1.471482,9
10,-7.4179544,1.3190855,1
10,-2.8001628,-0.4873534,9
10,3.879015,0.9157163,4
10,1.1136639,-1.464796,3
10,1.7275319,7.0886493,8
10,2.102861,3.305803,7
10,1.9967849,7.064277,8
10,2.7050135,-4.597756,2
10,2.365856,6.6356115,8
10,4.767128,0.86049205,4
10,0.84582967,-1.3947397,0
10,2.9917083,-4.142518,2
10,1.2134209,3.8479488,7
10,2.0818226,6.878687,8
10,4.0605965,0.49022433,4
10,-0.14727102,-1.0769507,5
10,0.7854963,-1.098087,0
10,-7.067937,2.4023209,1
10,1.7476985,3.2260041,7
10,1.4621043,7.2820044,8
10,4.3351884,0.80622125,4
10,2.1560555,6.7000427,8
10,0.26032746,-1.0858954,5
10,-2.8056319,0.17330556,9
10,1.6287489,3.4719222,7
10,-1.713188,-1.3197562,9
10,1.2272584,-2.5352597,3
10,0.95732313,-1.9063003,3
10,0.68929046,-1.6140857,0
10,1.4075164,3.3693469,7
10,4.3705335,0.23625362,4
10,1.7302448,7.317219,8
10,1.4952034,-4.7411146,2
10,0.9860563,-0.91947466,0
10,-7.461458,1.2816386,1
10,-7.036349,0.9542991,1
10,2.2558463,3.287683,7
10,-7.402621,1.2612017,1
10,0.6473168,5.1154056,9
10,0.1057543,-0.79273623,5
10,1.1901352,7.293142,8
10,0.7578791,-1.1707836,0
10,2.6410124,-4.5286274,2
10,-6.9292245,3.328509,1
10,4.8360677,0.4216491,4
10,1.0359194,-1.1967728,3
10,-3.2733502,-0.915611,9
10,-7.1150403,2.101619,1
10,1.4927915,3.7387993,7
10,-3.2314644,-1.0036631,9
10,-7.357272,1.0486587,1
10,0.749183,-1.4857696,0
10,1.7804904,6.7360177,8
10,0.32050478,-1.5066004,0
10,1.617766,-4.80355,2
10,-1.7221885,-2.9412272,6
10,1.236056,3.9641833,7
10,-1.4852091,-3.1117368,6
10,-0.17733352,-0.8074691,5
10,1.584282,7.007039,8
10,2.1733875,7.0063734,8
10,1.0020728,-1.6102309,3
10,-3.3592186,-1.0666978,9
10,1.7679664,6.4986544,8
10,0.5120241,-0.9809731,5
10,-1.7134604,-3.4582489,6
10,-1.2734907,-3.3918517,6
10,2.1482704,6.529346,8
10,4.6749144,0.9523502,4
10,1.7403758,6.9140224,8
10,4.4043345,1.3733531,4
10,-3.0227137,-1.6022425,9
10,-7.2323003,1.8400645,1
10,-7.2977467,1.652965,1
10,-7.410952,1.6949306,1
10,-0.08185831,7.3999305,8
10,-1.8810841,-3.2400315,6
10,-3.040739,-1.3520026,9
10,-7.300485,1.4837729,1
10,-7.365054,1.2837787,1
10,1.9994164,7.0624375,8
10,-7.5129423,1.2233589,1
10,-7.5600505,1.5906544,1
10,2.1486273,-4.4115043,2
10,4.5666957,0.8235141,4
10,0.0017426815,-1.5576465,5
10,0.73837334,-0.39319006,0
10,4.9053473,0.5007389,4
10,1.7701819,7.2416472,8
10,4.564358,0.8754819,4
10,-7.4865603,1.2993078,1
10,2.2894137,3.089036,7
10,-2.6247606,0.27599096,9
10,1.6791694,-1.0273123,3
10,-0.29756021,2.922194,9
10,0.49171185,-1.042592,5
10,4.343424,-2.7965195,4
10,0.67065203,-2.0818648,3
10,4.381298,0.49126866,4
10,0.9355863,-2.28407,3
10,0.6473866,-1.5202867,0
10,1.5112976,3.6872587,7
10,-1.5106026,-3.4506192,6
10,2.9387925,-4.1245346,2
10,-3.1692169,-1.4716414,9
10,-7.404318,1.2562284,1
10,0.83929116,-0.9642184,0
10,1.3271441,2.8917873,7
10,1.246138,-1.8395863,3
10,3.611782,-4.115254,2
10,1.6321852,3.432902,7
10,-0.6655379,-2.8897772,6
10,1.1824341,6.4069676,8
10,4.4177103,0.7288678,4
10,0.94061285,-3.9176528,2
10,4.1952477,1.0253984,4
10,1.922957,7.06338,8
10,0.34219033,2.9152443,7
10,1.3136091,7.067168,8
10,1.5477767,7.0056186,8
10,-1.4557881,-3.3560128,6
10,1.6417499,3.4753041,7
10,2.9642618,-4.1087756,2
10,5.0426626,1.0613567,4
10,1.9066691,3.0457845,7
10,4.729845,1.0894778,4
10,0.6857765,-1.8001072,0
10,1.4394586,-1.2546862,3
10,1.7147127,-1.40543,3
10,0.8884928,-1.089167,0
10,1.4467925,3.8055634,7
10,1.1251153,-2.419353,3
10,1.4700731,3.4747546,7
10,-7.4510336,1.3913493,1
10,2.079782,3.4269,7
10,4.6200476,2.5251405,4
10,4.5776005,0.6508661,4
10,-7.2282653,1.2974485,1
10,-1.768036,-3.3887997,6
10,2.5079377,-4.6585507,2
10,2.083968,3.783923,7
10,0.8555508,3.314542,7
10,-1.0326844,-2.8371568,6
10,4.735839,0.55786663,4
10,0.28965238,-0.47329852,5
10,-2.998083,-0.82810557,9
10,2.8624487,6.506063,8
10,1.8499414,4.4147387,7
10,0.13695773,-0.59111816,5
10,2.057411,6.195288,8
10,2.3056042,6.1605163,8
10,4.588799,0.4007452,4
10,1.1780216,-1.4186046,3
10,-7.439333,1.4381646,1
10,-1.6855253,-1.82278,9
10,1.0948908,-1.6955807,3
10,2.6585374,-4.413708,2
10,1.08883,-1.4747987,3
10,0.8836735,-1.3753098,3
10,1.5141557,3.9345798,7
10,0.24434921,-1.3207769,5
10,-6.671292,1.545811,1
10,-0.15163735,-1.8398111,0
10,-1.3076975,-3.8538303,6
10,0.09204012,-1.6417753,0
10,-1.4739625,-2.9562747,6
10,0.52635604,-1.1139455,5
10,-1.3798323,-3.4177718,6
10,-1.1017362,-3.3126621,6
10,-7.4638596,1.2580789,1
10,0.5835206,-1.5894693,0
10,-2.8544183,-0.82816607,9
10,2.4608245,1.7895613,0
10,2.1424437,5.8636703,8
10,-2.9142938,-1.3354775,9
10,-3.0839252,0.22554709,9
10,-0.4337309,-1.444955,5
10,3.2221222,-4.4103756,2
10,-3.2453208,-0.9228509,9
10,3.0232096,-4.1951556,2
10,-2.4418364,-0.9774411,9
10,1.4009293,-0.84378135,4
10,0.24623391,-1.1345189,5
10,1.2958829,-1.7725474,3
10,4.4594975,0.5156569,4
10,0.8543433,-1.7498045,3
10,3.0682147,-4.477197,2
10,-1.3374318,-3.700097,6
10,0.866748,-1.4348183,0
10,-7.3226213,1.8286572,1
10,0.6155613,-1.4481968,0
10,-0.12646478,-1.2020621,5
10,0.050168194,-1.5784613,5
10,1.2182932,-1.5644165,3
10,-7.2833333,1.5734388,1
10,-0.13535379,-1.6065547,3
10,2.5888681,-3.4880145,3
10,2.5696404,0.33247477,4
10,1.4425522,7.1252537,8
10,2.840813,-3.9369876,2
10,-0.068275586,-1.2893596,5
10,-1.2360045,-3.1244206,6
10,4.0925517,1.2092359,4
10,1.4729552,-1.9827923,3
10,-7.3551345,1.4099393,1
10,1.7304349,7.2223535,8
10,-3.0554254,-1.2690064,9
10,2.897459,-4.3234463,2
10,4.9076204,1.2238982,4
10,-0.062477093,-1.4335489,5
10,0.19117081,-2.4566042,3
10,2.295153,6.4653854,8
10,-1.0076195,-3.2946231,6
10,0.9522461,-1.4675627,0
10,1.9575295,6.7478065,8
10,-7.406293,1.3657109,1
10,0.71141595,-1.2668132,5
10,0.2662946,-1.155265,5
10,1.7153811,3.423717,7
10,1.7375104,2.962051,7
10,0.9427238,-1.3312079,0
10,-1.2665629,-3.6180727,6
10,-1.2653551,-3.8235114,6
10,-1.5266387,-2.8597097,6
10,-1.1884505,-3.140963,6
10,-7.395027,1.6623656,1
10,0.029523982,-1.2130127,5
10,1.3336214,7.267056,8
10,1.4586204,-0.149471,0
10,-0.22307165,-1.29327,5
10,1.0015866,-1.7885126,3
10,0.6197695,-1.4904704,0
10,0.07840443,-1.4072373,0
10,2.2934713,2.9230046,7
10,1.1017869,3.6961095,7
10,1.1950228,-0.99800587,3
10,0.74611235,-1.2986822,0
10,-1.3465179,-3.1204753,6
10,1.0899013,-1.6884161,0
10,0.78735477,-1.4542361,0
10,0.32100102,-1.1776178,5
10,4.511967,0.31615722,4
10,-1.5531472,-1.3150383,9
10,-0.39855134,-3.2842836,6
10,2.2540905,-4.5601125,2
10,-1.950854,4.3124256,7
10,0.98747694,-2.0170743,3
10,-7.3835363,1.3833939,1
10,-1.675843,-3.1284075,6
10,-1.8867744,-3.0217984,6
10,1.8933427,7.1502757,8
10,2.1293037,6.9889145,8
10,4.3380303,-0.086961806,4
10,2.9757857,-4.0245094,2
10,-7.2262306,1.8796252,1
10,1.8164876,7.289029,8
10,4.251569,0.19398294,4
10,0.73675764,6.0298142,8
10,2.5921953,-1.0669652,3
10,0.9949208,-1.6266705,0
10,3.205267,-3.734842,2
10,2.443954,-4.51406,2
10,1.5780344,-2.0668457,3
10,-3.2724895,-1.0052979,9
10,3.4154613,-3.3224409,2
10,0.7164819,-1.5571721,0
10,-7.3882027,1.2131616,1
10,1.0236293,-0.9623255,3
10,1.1446656,-1.5476241,3
10,-2.9579833,-0.11892758,9
10,4.571617,1.2912443,4
10,-0.69178194,-1.2935319,5
10,-6.6331058,3.3082213,1
10,0.63931566,-1.680614,3
10,2.7940044,-4.8008113,2
10,2.8585994,6.2927403,8
10,4.62305,1.0353508,4
10,2.8973892,-4.287383,2
10,3.7719991,2.8240852,4
10,0.84009284,-1.4161831,0
10,1.7372742,-2.0039115,0
10,3.0178392,-4.595625,2
10,3.5344756,-0.76121587,3
10,1.659904,6.979665,8
10,1.5639513,-4.4285116,2
10,1.7782723,3.5147922,7
10,2.4569287,-3.9859955,2
10,2.5710309,-4.507507,2
10,1.6954951,6.825964,8
10,-0.07198037,-1.3034899,5
10,-6.423759,2.9438977,1
10,-1.3776596,-3.282319,6
10,1.3865625,3.8631454,7
10,1.5464021,3.716056,7
10,-7.2543054,1.559905,1
10,1.7201434,7.1620336,8
10,-3.1774404,-0.14002478,9
10,4.5596724,1.1496212,4
10,-1.189886,-3.3067124,6
10,0.019988723,-2.223006,5
10,4.460294,0.008726738,4
10,2.2981071,-4.677601,2
10,-2.324148,-0.92988575,9
10,1.7978334,6.971894,8
10,4.522437,0.5914062,4
10,-3.3252733,-0.9904541,9
10,3.0677502,-3.577367,2
10,1.0517331,-2.0919263,3
10,0.5087666,-1.4708439,0
10,3.0465853,-4.18282,2
10,-1.8877703,-2.6971855,6
10,4.797373,0.5374284,4
10,0.9483638,-1.6465319,3
10,1.1390883,-1.9187834,3
10,1.2856776,-1.4270105,0
10,-7.2781796,1.7967386,1
10,-2.9198568,-0.68482715,9
10,0.76014066,-0.45886686,0
10,-3.1336462,-0.98163176,9
10,1.2613851,-1.8406186,3
10,1.9317125,7.1910534,8
10,-7.2842183,1.3632624,1
10,1.2238933,-2.448076,2
10,-3.417185,-1.2778461,9
10,-1.1785486,-3.580045,6
10,0.71312827,4.2572675,7
10,-7.355141,1.4992087,1
10,1.212798,-1.1827141,3
10,0.26027203,4.41361,7
10,1.6163499,7.025485,8
10,-7.444864,1.1218724,1
10,1.3120047,6.8009076,8
10,0.6496742,6.470489,9
10,0.11736868,-1.6041683,5
10,-1.1217256,-3.7115457,6
10,1.1600435,3.5177598,7
10,2.9880483,-4.086069,2
10,1.206244,7.1870503,8
10,-1.4877145,-3.3593974,6
10,0.40367085,-1.0171347,0
10,1.3780086,-1.1869875,3
10,-3.017119,-1.1630104,9
10,0.6772605,4.105484,7
10,1.104997,3.6389382,7
10,1.3364344,3.2071493,7
10,-0.9860192,-1.8535188,3
10,-1.2141551,-3.6375065,6
10,3.6207147,0.3927238,4
10,-3.4607406,-1.0977323,9
10,3.3972332,6.135382,4
10,-0.8066025,-2.8119667,6
10,1.9327548,-3.5450253,2
10,-3.0485682,-1.2261839,9
10,0.9600093,-1.2138203,0
10,-3.104875,-1.504003,9
10,-1.1905217,-3.0602772,6
10,-0.55538124,-2.1301532,5
10,-7.3670654,1.4435644,1
10,4.2816267,1.8984902,4
10,4.6222634,0.40646037,4
10,0.7728697,-1.5695438,3
10,1.5309033,-1.7520416,3
10,3.9468927,0.4863964,4
10,3.075866,-4.245081,2
10,-3.0645738,0.28797725,9
10,1.7480576,7.219706,8
10,1.2994165,3.2685463,7
10,4.665173,1.0846316,4
10,-3.3252075,-0.9463309,9
10,0.81106216,-1.2832371,0
10,1.6805363,7.050188,8
10,1.1687815,4.0872817,7
10,0.18451016,-1.1442105,5
10,-7.413442,1.6369107,1
10,1.0871592,-1.0149585,0
10,1.674521,-1.776132,0
10,3.4968774,-2.934437,2
10,2.38835,4.9953465,9
10,0.17856693,-1.2680012,5
10,1.7111356,3.7802026,7
10,2.0425303,3.190329,7
10,-0.8387159,-3.40664,6
10,4.8686404,1.2163327,4
10,-1.6488225,-3.2184906,6
10,4.5189633,-0.08071315,4
10,-1.4579706,-3.1042097,6
10,0.9404728,3.8338435,7
10,2.0947342,0.60639036,4
10,1.6532165,7.4226565,8
10,-1.1853971,-3.4798636,6
10,0.10628453,-0.9534532,5
10,2.373591,-4.6533766,2
10,1.3382263,-1.9059919,3
10,2.3010595,6.3859525,8
10,4.9104013,1.3456197,4
10,0.5212832,-1.1806786,5
10,0.15513897,-1.1852285,5
10,0.25034556,-1.6523091,0
10,-1.0185,-3.646578,6
10,-0.096339256,-0.66782427,5
10,4.8623037,0.45482373,4
10,2.7029548,-4.6790495,2
10,-2.6868463,-0.71871316,9
10,0.63916016,-0.7001067,0
10,1.6355637,3.151301,7
10,1.6013603,7.2360396,8
10,-1.7714238,-3.141397,6
10,-1.2613425,-3.2849183,6
10,0.6501952,-1.889005,3
10,-3.0743775,-1.736901,9
10,2.148124,-1.3071442,0
10,0.32175335,-1.4980519,0
10,2.003663,3.7377756,7
10,1.2135365,-1.8124094,3
10,-7.378509,1.6661807,1
10,4.3723807,0.7372322,4
10,-1.099468,1.0415758,7
10,-7.2713346,1.6427461,1
10,1.059917,4.025177,7
10,2.0868409,5.982832,8
10,1.7407788,3.1977415,7
10,-2.6969743,0.2934397,9
10,-1.8756332,-0.05840953,9
10,1.0029083,-1.9372996,3
10,1.9236883,3.2451513,7
10,1.1480316,-1.336137,3
10,0.42836705,-2.0813787,3
10,2.7102382,-4.382011,2
10,3.9594107,0.07083127,4
10,1.6796838,6.7898955,8
10,-0.1144138,-1.7053043,5
10,0.2757063,-2.1436875,3
10,2.8697453,-4.5440474,2
10,0.7438216,-1.6814286,0
10,1.0550375,-2.022918,3
10,3.379188,-0.035464223,4
10,-1.336825,-3.1570668,6
10,2.370627,-5.263403,2
10,1.3428352,3.7773705,7
10,-0.13907734,-1.3203053,3
10,-1.6932323,-3.3851807,6
10,-1.354953,-2.743254,6
10,0.17025094,-1.3406476,0
10,2.772011,4.970328,8
10,2.7621336,-4.028932,2
10,-1.7187158,-1.089007,3
10,-0.5096333,-0.96037126,5
10,1.576609,4.555769,7
10,1.7344167,6.945374,8
10,4.691933,0.6753369,4
10,0.4443133,4.3921785,7
10,-7.2966166,1.4441241,1
10,-1.9243143,-2.964476,6
10,0.87770474,-1.8484567,0
10,-0.058285896,-0.77325964,5
10,-0.22677259,-1.6823058,3
10,2.3632345,-4.101105,2
10,2.6116517,6.0023065,8
10,1.9646374,0.96757966,0
10,3.1000013,-4.016862,2
10,-1.514123,-4.207117,6
10,-0.9506814,-3.1956408,6
10,-0.026640747,-0.50199383,5
10,4.4099994,1.171032,4
10,2.777821,-4.781941,2
10,-1.4998436,-3.252545,6
10,-1.2280161,-3.516348,6
10,2.3358595,-4.4632306,2
10,0.8787861,-2.4987884,3
10,-2.3784,-3.9181032,6
10,-7.3641315,1.55806,1
10,0.63733685,-1.2461926,0
10,-1.7083613,-3.3121176,6
10,2.293745,6.6587114,8
10,0.055664424,-1.4501027,5
10,-7.3130774,1.6229601,1
10,-0.025302246,-0.6030176,5
10,1.8992001,7.2738833,8
10,1.8407516,6.728775,8
10,-1.0585147,-3.27482,6
10,4.508747,0.36820987,4
10,2.2008243,6.9235954,8
10,2.0789735,6.8971834,8
10,4.4787326,0.55093956,4
10,-7.484996,1.2910033,1
10,0.2413729,-1.376915,5
10,0.5132419,-0.5404072,5
10,-3.068739,-1.2921575,9
10,-1.3505882,-3.7746472,6
10,-2.5330424,-0.7574872,9
10,-7.544379,1.4304901,1
10,1.6225363,3.2735384,7
10,4.3052125,1.2525059,4
10,1.6162986,7.102056,8
10,-1.5522939,-3.3104115,6
10,4.340296,1.5872701,4
10,2.8927667,-1.9389924,8
10,2.5105064,-3.6833413,2
10,4.782601,1.2764692,4
10,-0.026384167,-1.4449849,5
10,-7.298175,2.0069444,1
10,-1.1912698,-3.1109712,6
10,1.5656015,3.4089873,7
10,4.340705,0.6962332,4
10,2.032984,3.107015,7
10,-0.7733381,-1.309622,5
10,-1.5766498,-3.2951791,6
10,1.358645,3.6435702,7
10,2.8220975,-4.8241663,2
10,1.8415561,6.8874106,8
10,0.37053958,-0.9394229,5
10,0.75011533,-1.3078324,0
10,-1.1531379,5.1777797,9
10,-1.3005081,-3.3635702,6
10,1.013194,-1.4355885,3
10,-7.3566966,1.3879405,1
10,-7.374915,1.4761701,1
10,1.9216108,3.0763237,7
10,1.7779013,-1.7201902,3
10,4.7653084,0.80652434,4
10,1.2013791,7.0931897,8
10,1.7299519,-5.5118885,2
10,4.9202356,0.5253983,4
10,0.8114409,-1.3244964,0
10,-7.2228985,1.624068,1
10,-0.05601203,-1.5932945,5
10,1.4317694,-1.9160063,3
10,-0.993411,-3.5405018,6
10,-0.25857288,-0.7464662,5
10,2.1249955,6.8055296,8
10,-7.18567,1.8121954,7
10,-2.574298,0.9023856,9
10,0.41981074,-0.79819965,5
10,-2.943989,-1.2444322,9
10,1.8105395,3.6733398,7
10,-0.5079039,-3.8128982,6
10,-7.433087,1.1021441,1
10,1.9296544,6.8498955,8
10,-1.0753874,-2.486722,6
10,1.4045054,-1.8770027,3
10,0.941714,-1.6493819,3
10,1.8650727,2.065178,7
10,-1.3411859,-3.2485871,6
10,-1.2045281,-3.4896827,6
10,-6.2572355,3.8283944,1
10,-7.4854035,1.0934035,1
10,2.566103,-4.8562636,2
10,1.3957771,-1.3652228,0
10,0.8307321,-2.569066,3
10,1.5671926,3.1095793,7
10,0.21558739,-1.3575131,0
10,0.94160724,3.5842285,7
10,1.4121192,-1.194347,3
10,0.42675513,-1.6214497,5
10,1.6093149,3.5789745,7
10,4.415868,0.42978042,4
10,0.964238,-2.0141022,3
10,1.7934316,4.2294436,7
10,2.9043822,-3.5186753,2
10,-0.07563932,-1.614627,5
10,-3.153596,-1.289666,9
10,0.15078285,-1.4989716,5
10,1.2379233,-1.4629896,3
10,-2.072079,-0.87462527,9
10,1.773035,6.9266324,8
10,-7.427285,1.2013597,1
10,1.4413894,-1.2015948,0
10,-3.4149258,-1.5748324,9
10,2.0583577,6.903802,8
10,0.33393678,-1.137426,0
10,1.682566,7.065984,8
10,1.3217272,-0.36409533,3
10,-1.8672674,-1.2737341,9
10,2.1371198,6.6703153,8
10,1.2450917,-2.0151775,3
10,2.7350779,-3.3880107,2
10,-3.2498739,-0.9678235,9
10,-0.86077654,-3.889067,6
10,2.6827106,5.8279104,8
10,4.7599645,0.87499654,4
10,-7.405739,1.1075295,1
10,1.5573035,7.4319534,8
10,0.3694312,-1.5250577,0
10,1.429837,-2.1669016,3
10,1.2011327,-4.5597634,2
10,2.9706457,-3.8917108,2
10,-7.2170014,1.6067804,1
10,-2.4023979,1.4075849,9
10,-7.393882,1.3266673,1
10,0.77423286,-1.8163271,0
10,0.7878167,-1.7651515,0
10,3.1807597,-3.2020597,2
10,1.8649201,-0.17296152,3
10,2.8663235,-3.7280695,2
10,0.6955297,-1.2369602,0
10,1.5304409,-1.6994655,3
10,0.74792266,-1.3514833,0
10,-2.2013075,1.669797,9
10,0.45513004,-1.5595628,0
10,-7.1827254,1.5563773,1
10,0.32568347,-1.9296725,5
10,4.2662735,0.19023801,4
10,-0.10814361,-1.3110788,5
10,0.58260894,5.4888816,8
10,0.55603844,4.0176034,7
10,-2.9847991,-1.3087841,9
10,0.13682014,-1.030607,5
10,1.8807427,6.947021,8
10,-1.6741022,1.3334395,9
10,2.894384,-3.6775496,2
10,1.0804902,3.5659277,7
10,1.107227,-1.3465439,3
10,1.5062265,-1.7324365,3
10,1.334849,3.7461882,7
10,0.89752626,-1.6345469,3
10,4.3723955,0.95331717,4
10,3.4223442,-3.392798,2
10,-0.99486095,-3.0526967,6
10,0.09089135,-1.2350737,5
10,0.9098527,-1.8129299,0
10,-2.075003,-0.5998584,9
10,0.43783563,-0.42917842,5
10,4.9468117,-0.15071893,4
10,1.4843667,3.9392242,7
10,2.0646396,-4.4852066,2
10,2.2480314,3.80361,7
10,3.325906,-5.0245442,2
10,4.6596966,0.27548534,4
10,-1.0397269,-2.917156,6
10,-1.4311242,-1.6497331,5
10,-2.9752371,-1.1970682,9
10,2.0592177,6.81989,8
10,3.0407076,5.594599,8
10,-1.2697659,-3.4945934,6
10,0.8290098,-1.9086106,3
10,4.619778,0.5400552,4
10,-7.4701185,1.323734,1
10,-1.0776659,-3.6678123,6
10,-1.2095071,-3.1852517,6
10,1.2739524,-1.5913626,3
10,-3.0745096,-1.2107784,9
10,3.768011,1.3944521,4
10,0.0680757,-1.3162723,5
10,4.1423683,0.33910996,4
10,-7.5256686,1.120296,1
10,1.5239493,3.390925,7
10,2.8407588,-4.6659665,2
10,0.623765,-1.6902066,0
10,-7.3836055,1.6000935,1
10,-7.461786,1.1144092,1
10,1.0640141,3.7006102,7
10,4.5522704,0.5029401,4
10,-7.3831277,1.2633004,1
10,1.1323785,-1.6519009,3
10,2.3226418,6.7831173,8
10,1.5660288,3.3184052,7
10,-3.2722611,-1.3023945,9
10,2.6266975,-3.960701,2
10,-0.44207266,-1.6098391,5
10,1.225948,4.063997,7
10,0.81181663,-1.7326865,0
10,0.6416908,-1.4141024,0
20,-5.9506903,-3.622294,1
20,3.6654046,-4.0985107,7
20,-0.561299,3.7247558,2
20,3.5918345,-4.033631,7
20,-1.3833567,3.5512402,2
20,-0.7269924,3.7550182,2
20,-5.9175973,-3.4627697,1
20,2.7682223,1.7459148,4
20,-4.6127605,1.5681963,9
20,2.5075896,3.100217,3
20,-5.7488537,-3.7726004,1
20,3.8926651,2.2806525,4
20,-0.17240539,0.26258045,0
20,3.7853088,-4.114092,7
20,-5.702049,-3.3110816,1
20,-1.3489159,-0.4510486,5
20,0.81825495,-0.29085618,0
20,0.31764948,-0.63717943,0
20,-0.60827374,2.9497433,6
20,-3.4622242,0.3059225,9
20,3.8143551,-4.2414484,7
20,2.5587468,-5.507547,8
20,4.0145206,1.7453378,4
20,-4.4037395,1.6806166,9
20,0.39684692,-1.0099405,6
20,2.327282,-4.752748,8
20,-1.1972926,0.9856651,5
20,-1.187385,3.6045659,2
20,2.8742056,2.9586926,3
20,-0.46754485,2.9775271,6
20,-0.5259778,3.151586,6
20,-0.71204525,3.5333688,2
20,-4.5074406,1.4229202,9
20,0.0864006,-0.31356156,0
20,-3.4345987,2.4901817,4
20,-0.18278223,2.9578104,6
20,0.0067454204,-0.19460459,0
20,-0.9966812,-0.2008469,5
20,-4.3318987,1.3256009,9
20,-0.71279967,3.6469235,2
20,4.377175,1.9365065,4
20,2.651188,3.1469166,3
20,-0.76202023,3.418593,2
20,0.07070722,3.3721685,6
20,-0.041015632,3.0251381,6
20,-4.3335023,1.702018,9
20,-0.70606065,3.7577085,2
20,-0.862067,3.677184,2
20,-6.0557756,-3.102559,1
20,2.66645,4.6478825,3
20,3.756462,-3.6953588,7
20,-4.370146,1.4780507,9
20,0.43331566,-0.15551278,0
20,2.5371044,-5.617447,8
20,-0.24026054,3.2827556,6
20,2.3580737,-5.6851954,8
20,4.3055334,-3.5762727,7
20,-5.551835,-3.4476879,1
20,-0.14392635,3.17465,6
20,-0.35436228,2.8314104,6
20,2.9742734,2.7294216,3
20,2.718828,3.3198395,3
20,3.7464452,-3.9296095,7
20,0.17721932,-0.13822198,0
20,1.9852244,3.263956,3
20,-0.6687602,4.0178747,2
20,-0.6913474,3.0095582,6
20,-5.7813964,-3.6776195,1
20,-4.5419245,1.3906043,9
20,-0.4400556,0.34664947,5
20,-5.782509,-3.4187253,1
20,-0.6969261,4.119362,2
20,-6.0892,-3.3122857,1
20,-5.886198,-3.4379804,1
20,3.7921414,-4.147614,7
20,-1.2060393,0.14091577,5
20,3.7564597,-3.8939717,7
20,-0.98969805,4.895011,2
20,-1.0200034,3.6165667,2
20,-4.619994,1.5526768,9
20,-0.506264,3.222054,6
20,0.067061305,-0.08565961,0
20,0.13914084,-0.22462045,0
20,-0.87440175,3.913371,2
20,2.3884206,-5.680355,8
20,-0.72731805,3.0311544,6
20,3.4977345,-4.126394,7
20,-0.45542747,3.1844275,6
20,4.5478263,1.5759389,4
20,0.3101683,-0.3223588,0
20,-3.6879723,0.7831525,9
20,-5.940408,-3.1975832,1
20,-1.0020616,3.198798,6
20,4.488507,1.9980758,4
20,2.513946,3.541121,3
20,-5.3213034,-3.0370867,1
20,-5.9706097,-3.2319577,1
20,2.247911,-5.3206964,8
20,-2.0984306,3.2126846,9
20,-0.8698551,3.489835,2
20,3.450325,-4.150884,7
20,-0.17282605,0.024569482,0
20,-0.93064415,0.13001327,5
20,3.8006203,1.6602659,4
20,0.3440093,-0.4132952,0
20,4.394703,1.7883486,4
20,2.6440005,-5.672371,8
20,4.060503,2.0910735,4
20,-3.6823769,2.03286,9
20,-5.6915417,-3.3711326,1
20,3.7799902,-4.069445,7
20,-5.919548,-3.3503847,1
20,-0.750186,0.23773406,5
20,3.6112125,-4.0762987,7
20,2.7345395,3.6308217,3
20,-4.461779,2.025302,9
20,-2.3817108,1.659792,9
20,2.513742,3.0767143,3
20,2.3383067,-5.5607104,8
20,3.0582912,2.9474628,3
20,4.323986,1.7189565,4
20,3.1372511,3.0917275,3
20,-0.7020508,2.4566004,9
20,-4.1623416,1.9972605,9
20,-5.9634256,-3.3399043,1
20,0.15681405,0.39272606,0
20,4.082901,2.0223675,4
20,-0.36737716,3.20195,6
20,-0.22469911,3.007447,6
20,-5.7337284,-3.5349405,1
20,-1.0325835,0.25038588,5
20,1.5299245,3.2152486,3
20,-0.99944127,3.9176135,2
20,-0.4503107,3.6754038,3
20,2.612895,3.3984792,3
20,0.09552474,-0.0009620376,0
20,-0.9019277,3.7885938,2
20,2.3251233,-5.3889627,8
20,3.2925494,2.8396053,3
20,2.5517504,-5.75146,8
20,2.2363803,-5.6261563,8
20,-3.981278,0.9284022,9
20,-4.2047114,1.613978,9
20,-5.8290863,-3.3916903,1
20,2.4086673,3.1150231,5
20,-4.578528,1.3434381,9
20,-0.7150111,3.8305256,2
20,2.4779172,-5.7493925,8
20,-5.9442835,-3.3032546,1
20,2.2598732,-5.8914814,8
20,3.523718,-4.0232973,7
20,-5.887573,-3.4266207,1
20,-2.6768847,2.8871644,2
20,4.5578256,1.8811544,4
20,-0.28756422,-0.30809325,0
20,-0.021298341,0.07906632,0
20,3.5334218,-4.1040573,7
20,-0.8708315,0.77867514,5
20,0.070568234,0.11206634,0
20,-0.47749698,0.18362053,5
20,-4.6894546,1.5220679,9
20,2.4176762,-5.649342,8
20,3.873007,1.8270764,4
20,-1.8796351,3.2547915,2
20,-6.014098,-3.342104,1
20,0.3545881,-0.35188794,0
20,-6.043082,-3.3301785,1
20,-0.84293956,3.756575,2
20,-0.5588307,0.23824231,5
20,-4.261691,1.7738222,9
20,-5.934501,-3.5006828,1
20,-1.1721983,0.22406586,5
20,2.5181136,-5.4454565,8
20,-0.19431457,-0.30003923,0
20,-1.0522513,0.23745523,5
20,-4.398519,1.7074281,9
20,0.50229317,-0.35685617,0
20,-0.7872419,0.20912613,5
20,-0.58237374,0.29534656,5
20,4.138647,2.0086455,4
20,0.36969006,-0.12699777,0
20,-0.81273115,3.730191,2
20,3.0943227,3.1209276,3
20,-0.005247526,-0.20235448,0
20,3.0153801,3.0716372,3
20,3.7615347,-3.8977535,7
20,2.6024432,-5.586957,8
20,2.483343,3.1191692,4
20,-5.8196144,-3.597432,1
20,4.2441783,1.821277,4
20,-0.2600254,3.1138494,6
20,3.4920142,-4.371068,7
20,-4.358217,1.5001405,9
20,-1.2807562,3.6755378,2
20,-0.96405077,0.3358528,5
20,4.1937037,1.9724776,4
20,-0.932873,3.6642165,2
20,0.14709471,-1.6273321,0
20,-5.9064894,-3.3400452,1
20,2.4419932,2.9570048,3
20,-0.43102103,0.21342848,5
20,4.041078,2.0314245,4
20,-1.0111115,4.0779243,2
20,0.0011456758,3.091248,6
20,2.5047626,-5.763328,8
20,-0.33369276,3.025891,6
20,2.115073,-0.052153137,2
20,2.566956,3.4460278,3
20,0.09596322,0.1562537,0
20,3.1150177,-2.2125201,7
20,2.171225,-5.840243,8
20,-5.7526445,-3.3615053,1
20,-4.2513347,1.907856,9
20,-0.80962557,0.31894982,5
20,3.5162773,-4.01691,7
20,-0.61088175,0.13798402,5
20,2.3604512,-5.6551123,8
20,-0.9531646,4.0304027,2
20,-3.3805778,2.2398255,9
20,-5.808871,-3.2482963,1
20,-5.738188,-3.356153,6
20,-4.676111,1.6203976,9
20,-5.8787446,-3.4919744,1
20,-5.8895736,-3.4045463,1
20,-4.9562387,-3.8912122,1
20,-5.856061,-3.5995867,1
20,-3.6675801,1.8697857,9
20,-4.4234486,1.6276827,9
20,-0.85748506,0.29812557,5
20,-1.0691819,0.37978184,5
20,-4.3030643,1.8465245,9
20,2.746356,2.8864713,3
20,3.7293997,-3.9797175,7
20,2.3837514,-5.87415,8
20,-0.86481804,0.34727252,5
20,2.2312188,-5.917876,8
20,-3.9764075,1.5846192,9
20,2.2160604,3.6421409,3
20,-5.898016,-3.5714808,1
20,0.23169237,-0.1886272,0
20,2.72159,3.2315567,3
20,-5.841661,-3.417469,1
20,-0.03943441,3.2144933,6
20,-5.797795,-3.2122803,1
20,0.3917337,-0.40505552,0
20,2.7735825,3.2566087,3
20,0.17800476,3.0805206,6
20,-0.96992004,3.835817,2
20,3.939689,-3.7166224,7
20,-4.376743,1.3137754,9
20,0.017569214,3.368736,6
20,1.7548761,3.125117,3
20,-4.670821,1.267046,9
20,3.281516,-4.1637645,7
20,3.6783152,-3.9584377,7
20,-0.74524546,0.21930255,5
20,-6.013528,-3.429893,1
20,2.800548,-4.4374657,7
20,2.2560155,-5.5686,8
20,0.00016009808,1.7132996,5
20,-1.0476937,3.7766218,2
20,-0.98594356,0.09602219,5
20,-5.901994,-3.5711026,1
20,3.7850144,-4.104343,7
20,-4.70046,1.6539987,9
20,2.4427214,-5.7596297,8
20,-5.9471874,-3.4582608,1
20,-4.4258,1.7510374,9
20,-5.716663,-3.2332003,1
20,-5.844263,-3.3841052,1
20,-5.922698,-3.4153206,1
20,-4.5682817,1.6414995,9
20,4.6214266,1.7549738,4
20,-4.6897373,1.639291,9
20,3.1777387,2.8787549,3
20,0.25487462,-0.09382269,0
20,3.7268555,-3.9394023,7
20,-4.4270673,1.4061459,9
20,-0.61980444,3.8352795,2
20,-4.7034273,1.255657,9
20,-0.4980538,3.0388422,6
20,2.1562474,-6.0085206,8
20,-0.6980455,0.4935584,5
20,0.28119814,3.278629,6
20,0.5077544,0.17105791,0
20,0.5084104,-0.592774,0
20,-0.27277163,3.221416,6
20,-5.8395824,-3.4673493,1
20,-1.3050116,3.780462,2
20,-5.843992,-3.6232474,1
20,0.11662164,-0.08168033,0
20,-5.941054,-3.5395184,1
20,-0.6663329,3.616536,2
20,-5.7403083,-3.1828105,1
20,-4.4221907,1.5020454,9
20,-3.436764,0.7108766,9
20,-5.738749,-3.4795547,1
20,-5.9389124,-3.5935678,1
20,-5.883756,-3.439729,1
20,-4.477565,1.5864818,9
20,-5.9586935,-3.3891776,1
20,-0.16466829,2.7982533,6
20,-4.4632144,1.7061524,9
20,5.1090956,1.3984269,4
20,-0.63256264,3.3857327,6
20,-4.2143316,2.0566885,9
20,3.5640666,-4.1711226,7
20,-0.5138459,0.08291611,0
20,2.48805,3.2835598,3
20,0.31513503,-0.093533225,0
20,-0.78758097,0.34358275,5
20,-2.1657999,1.9978241,1
20,-4.2835035,1.7833424,9
20,-0.71064645,2.8199532,6
20,0.0038145632,3.4132602,6
20,-5.962394,-3.343723,1
20,-5.870773,-3.3721457,1
20,-0.21019784,3.005986,2
20,-1.0489129,3.7914183,2
20,2.830132,2.6922877,3
20,-1.1732645,0.3621542,5
20,-0.58542734,3.8570323,2
20,3.8381536,1.9835502,4
20,-0.37504292,3.1396503,6
20,0.23438576,-0.08861855,0
20,-4.5131145,1.5551962,9
20,-4.1146016,2.0256696,9
20,-1.069161,0.05243168,5
20,1.9641858,-5.714489,8
20,-1.3120494,3.5575328,2
20,4.1850066,1.8161204,4
20,3.9939005,1.3923728,4
20,0.687951,-0.52874494,0
20,-0.5352131,3.832196,2
20,0.60199434,2.1701243,2
20,-0.87148863,3.3451178,2
20,-0.26985928,2.7123172,6
20,0.13118269,-0.3313462,0
20,3.9751713,2.1300435,4
20,-5.753323,-3.4278772,1
20,-0.20697832,-0.072828606,0
20,-0.7197762,0.19472332,5
20,3.6893723,-3.8491309,7
20,-1.3277403,0.47533238,5
20,-3.7472816,2.3796818,9
20,2.4451625,-5.557143,8
20,2.408686,-5.557763,8
20,-0.3494761,3.1552205,6
20,2.4404852,-5.609266,8
20,-0.6610909,-0.017921735,5
20,-0.8631688,0.28136557,5
20,2.3232772,3.0894141,3
20,-4.413658,1.846629,9
20,-4.1471305,2.0206978,9
20,0.36234418,-0.41772056,0
20,4.402051,1.7197771,4
20,-1.00699,0.14221482,5
20,1.9702402,-4.069753,0
20,-4.1584187,1.7779218,9
20,4.162026,0.9987569,4
20,-1.3910234,3.7757623,2
20,-1.4185841,0.2147385,5
20,-1.414497,0.45505452,5
20,-1.204147,3.6957667,2
20,4.4011765,1.7087419,4
20,2.6801858,3.0387716,3
20,-0.77129096,3.8622627,2
20,-4.6284947,1.5532055,9
20,-1.378649,3.1004717,6
20,3.0684478,3.1065907,3
20,-4.6112895,1.8469653,9
20,-0.6141867,0.2867604,5
20,2.1758878,-5.720566,8
20,2.973395,2.96467,3
20,-0.60603267,3.1831002,6
20,3.4252758,-4.1900663,7
20,3.646063,-3.9783995,7
20,3.9478738,2.1238842,4
20,-5.899795,-3.7346752,1
20,-1.5219495,2.4013035,2
20,-1.8877497,2.9151452,2
20,-0.3890246,3.22385,6
20,2.2485833,-5.947209,8
20,-0.62716985,3.9934413,2
20,2.3055747,-5.9385543,8
20,3.5558605,-4.0276814,7
20,-0.12396001,2.9888132,6
20,4.156648,1.8857514,4
20,3.890203,1.7648684,4
20,0.041621253,-0.39395034,0
20,3.9186838,2.1623497,4
20,4.0748253,1.7770457,4
20,-4.1214848,1.93432,9
20,3.4344492,-4.045043,7
20,-0.8236524,0.3668549,5
20,-1.0126821,3.571775,2
20,2.626654,3.3792202,3
20,-0.6771413,3.5833237,2
20,0.57729715,-0.049946137,0
20,-0.8594787,3.6989067,2
20,-4.202498,0.92960596,9
20,-4.757218,1.2342196,9
20,-4.065545,1.9275041,9
20,-0.52355754,3.1270268,6
20,0.14784938,0.06453079,0
20,0.116156295,-0.48532808,0
20,-0.720764,0.014884785,5
20,-0.60129136,0.33678955,5
20,3.8334377,2.0022395,4
20,-0.33889788,0.047747888,0
20,0.38137487,4.431263,2
20,4.1721373,1.8789731,4
20,-6.0974545,-3.366815,1
20,4.3426113,1.9407828,4
20,-4.384654,1.5683358,9
20,-5.906141,-3.4370334,1
20,2.6078634,2.4142182,4
20,-1.0303277,0.44353497,5
20,-1.0645885,3.630462,2
20,4.1529927,1.8940501,4
20,3.317196,-4.2783794,7
20,1.6583097,-5.5401506,8
20,-0.728033,0.41604722,5
20,3.5939093,-4.043107,7
20,2.5202014,-5.763103,8
20,-0.48316061,-0.036088146,5
20,2.7667658,2.9736552,3
20,-0.9574553,0.19454293,5
20,0.40940186,-0.15705666,0
20,-5.6378965,-3.4107294,1
20,2.9854705,2.8426695,3
20,2.6070306,-5.6607804,8
20,2.448869,3.3312106,3
20,-1.0261666,3.7139874,2
20,2.5945246,2.8508267,3
20,-0.24115136,0.51237625,5
20,-0.866181,0.3698082,5
20,-5.703207,-3.292384,1
20,-0.9563377,3.6574528,2
20,-0.16788974,0.5195362,5
20,-0.58466685,0.05852691,5
20,3.2561114,2.8693082,3
20,-0.7431955,3.6934693,2
20,2.8405182,3.0066113,3
20,-1.1382087,4.0354295,2
20,-4.231924,1.6210183,9
20,-5.8696594,-3.4665673,1
20,-3.512307,1.592379,9
20,-0.2818418,2.9751005,2
20,-3.8247697,2.0584254,9
20,2.2652113,-6.0134735,8
20,2.4266512,2.9077656,3
20,2.3487034,-5.3767934,8
20,-5.508797,-3.882516,1
20,2.410969,2.9246883,3
20,2.686594,3.1756885,3
20,-4.469381,1.3808758,9
20,3.439149,-4.2010536,7
20,4.4864945,2.0184681,4
20,2.932638,3.21035,3
20,2.3450027,2.7453136,3
20,0.10875601,0.024054557,0
20,-1.4951433,2.5962174,5
20,-0.9552597,0.14383367,5
20,1.9284047,2.6748726,3
20,-4.2671385,1.9570428,9
20,-6.0128713,-3.3763533,1
20,-5.896645,-3.1948583,1
20,-6.0067897,-3.2976186,1
20,3.4839287,-4.2502623,7
20,-5.439416,-4.094516,1
20,4.166552,1.9353087,4
20,-6.003767,-3.2923627,1
20,-3.6080933,2.273943,9
20,-0.8778507,3.9622047,2
20,2.7844956,-5.511143,8
20,0.31821463,-0.2613637,0
20,-1.0547719,0.24625762,5
20,-0.60695696,4.088662,2
20,-0.63725,4.0692945,2
20,-0.16656357,2.31361,2
20,-5.747478,-3.4760578,1
20,-5.883297,-3.5316446,1
20,-4.3060055,0.6420402,9
20,2.267158,-5.780351,8
20,2.8557856,2.5005286,4
20,0.41541076,-0.45833778,0
20,-5.864529,-3.4704494,1
20,0.3264857,-0.40944242,0
20,3.8010645,-3.6086318,7
20,-0.6339162,0.54253006,5
20,-0.87744945,0.34133726,5
20,-5.8606024,-3.3858638,1
20,-6.0635977,-3.3210316,1
20,-0.4033436,3.6492496,2
20,-4.5589733,1.6720899,9
20,4.227277,-5.8509445,8
20,2.2814364,3.1014316,3
20,-5.674491,-3.3206277,1
20,0.11748006,3.2452974,6
20,-4.475248,1.5177348,9
20,-0.60876834,3.1011748,2
20,0.31907204,-0.24802235,0
20,3.9067307,-3.9580598,7
20,2.6666281,3.1866286,3
20,2.8504355,3.0710444,3
20,2.7207875,3.1130915,3
20,2.7658477,3.3737257,3
20,0.2526923,-0.16700283,0
20,-0.6282114,3.8936641,2
20,0.52100044,-0.056156088,0
20,2.5935287,3.0011039,3
20,-0.74561244,3.0340288,6
20,0.37103522,-0.29460815,0
20,-0.76192296,0.4150576,5
20,4.422123,1.6444086,4
20,3.8378727,-3.7981741,7
20,-6.02587,-3.5360065,1
20,2.1745634,-4.878819,8
20,-3.406365,2.401114,5
20,-4.71497,1.7301416,9
20,3.0557258,3.035259,3
20,3.95225,2.2099977,4
20,-0.26724178,-0.19148046,0
20,1.0400039,-0.4841225,0
20,4.238699,2.672133,4
20,-4.3713455,1.8873347,9
20,3.5354114,-4.2063417,7
20,-0.11231824,-0.19976836,0
20,-0.543609,3.533759,2
20,2.4723976,2.905583,3
20,-0.991905,3.6893733,2
20,-0.2535299,3.2096715,6
20,-0.38327843,0.30798894,5
20,-5.847053,-3.4811034,1
20,2.4522178,-5.5901246,8
20,-5.963683,-3.551621,1
20,-4.908907,1.3970957,9
20,-5.7771516,-3.429846,1
20,-4.4004703,1.6341147,9
20,4.1202,1.4882675,4
20,2.7846646,2.962901,3
20,2.387276,-5.726795,8
20,3.8183222,-3.9696345,7
20,2.2902973,-5.7646704,8
20,-1.0106817,3.8836722,2
20,2.3713415,-5.5490675,8
20,4.283254,1.8110144,4
20,0.27654034,-0.1946163,0
20,-0.62130225,3.7045872,2
20,3.5024116,-4.2317553,7
20,2.349988,-5.7224813,8
20,3.8446193,2.2927363,4
20,-1.3423516,0.35983014,5
20,0.47319618,-0.15386817,0
20,-5.7927027,-3.4604237,1
20,3.4925613,-3.8578584,7
20,2.3413477,-5.8478045,8
20,3.9109921,1.980873,4
20,2.5809038,-5.475236,8
20,-0.72877526,0.23636399,5
20,-4.367613,1.5782468,9
20,3.6462924,-4.025548,7
20,-4.4549346,1.9593128,9
20,2.8018444,3.4993148,3
20,2.8849,3.2942266,3
20,0.1795811,-0.20685865,0
20,3.4503293,-4.0470166,7
20,3.955605,2.1250603,4
20,2.367648,-5.937652,8
20,-1.450422,3.6146913,2
20,1.1140432,-0.44185776,0
20,-5.9456735,-3.413526,1
20,-5.5646734,-2.5499558,1
20,3.7191606,-3.7962787,7
20,-5.9094415,-3.3005273,1
20,-3.8651311,0.9192988,9
20,-1.0013127,0.2509647,5
20,2.1263855,-5.9937043,8
20,0.34670252,-0.36179852,0
20,-0.8574488,3.7615385,2
20,-5.3946075,-4.1180453,1
20,4.4875937,2.0818179,4
20,3.1944506,3.060799,3
20,-4.5707417,1.5644262,9
20,-5.8537517,-3.4607477,1
20,3.3731987,-4.089824,7
20,-4.6123524,1.6799145,9
20,-5.7970104,-3.4114654,1
20,0.020260632,-0.096261084,0
20,2.0963097,-5.6971006,8
20,-0.01830019,-0.1472033,0
20,-1.3583504,3.5911965,2
20,-0.4772138,2.853994,6
20,3.5782883,-4.1696525,7
20,-0.50839037,3.0826988,6
20,-0.7434044,0.023852445,5
20,2.3097456,-5.850353,8
20,2.574688,-5.740556,8
20,2.4233792,3.112985,3
20,-4.4702277,1.8258551,9
20,2.186425,-5.4399157,8
20,-0.795706,0.21080185,5
20,-0.80950963,3.1854122,6
20,-0.46460915,3.072414,6
20,2.3909934,-5.6506524,8
20,4.0559773,2.0999446,4
20,2.3178947,-5.670859,8
20,4.0390444,1.4999479,4
20,-3.9348435,2.3360417,9
20,-5.812799,-3.3432043,1
20,-5.8746223,-3.4258835,1
20,-5.7525544,-3.857077,1
20,0.44008642,-5.923338,8
20,-0.5234185,2.9061623,6
20,-4.196061,1.8877035,9
20,-5.7543907,-3.3558307,1
20,-5.707101,-3.2675276,1
20,2.5021508,-5.7396984,8
20,-5.955443,-3.4898505,1
20,-6.065284,-3.5230162,1
20,-1.3153489,3.6604137,2
20,3.6326761,2.223864,4
20,-1.19244,0.32101846,5
20,0.42029843,-0.7966022,0
20,4.4897785,2.0166636,4
20,2.345242,-5.916968,8
20,4.108199,1.8164338,4
20,-5.939438,-3.4695814,1
20,3.884055,-3.7158306,7
20,-4.538385,1.3338795,9
20,3.249454,2.7559955,3
20,-2.8085704,0.9880588,9
20,-0.7489582,0.29202837,5
20,4.1766515,1.3243228,4
20,2.4362428,3.3467557,3
20,3.9693086,1.7323813,4
20,2.2004874,3.539603,3
20,0.2628965,-0.18016684,0
20,3.5255175,-4.03914,7
20,-0.5389966,3.1885753,6
20,-0.72331446,3.023088,2
20,-4.4787054,1.8302768,9
20,-5.8190284,-3.416781,1
20,0.38163018,-0.31847954,0
20,3.6342456,-3.4332886,7
20,2.8162007,3.0742273,3
20,1.6217036,3.9265416,2
20,3.8567746,-3.8398767,7
20,0.2588913,3.2437549,6
20,2.3118577,-5.520481,8
20,4.036813,2.0264828,4
20,-2.2361908,3.052738,2
20,4.251048,1.6491865,4
20,2.325324,-5.715146,8
20,2.8238988,-4.2882524,7
20,2.127902,-6.011511,8
20,2.3007734,-5.850379,8
20,-0.47810876,3.0748293,6
20,3.3346128,-4.263151,7
20,-0.37587526,3.6064444,2
20,4.2863526,1.9286369,4
20,3.5734472,-3.7993588,7
20,4.249474,1.9545518,4
20,0.18798918,-0.37958878,0
20,3.1133842,2.419459,3
20,2.9881814,3.1101131,3
20,0.17675295,-0.21094804,0
20,3.790828,-3.8218384,7
20,2.6983252,3.6752272,3
20,3.6750474,-3.923601,7
20,-5.9220457,-3.4854634,1
20,3.8009186,-3.8039868,7
20,4.9031277,0.9122102,4
20,4.0125113,2.1377847,4
20,-5.590234,-3.4280653,1
20,-0.87663203,3.203604,6
20,-0.7399234,4.0301795,2
20,3.64988,-4.065791,7
20,3.0950527,-4.11562,7
20,-0.35247868,2.6798427,6
20,4.134048,1.9026746,4
20,-0.8263623,0.063289076,5
20,-4.3898916,1.7913872,9
20,3.7687132,-6.1421676,8
20,3.5064743,-3.981963,7
20,-0.727877,0.031010665,5
20,1.8949155,-5.52146,8
20,2.6389766,-5.337118,8
20,4.07225,2.0297494,4
20,3.154964,2.9738774,3
20,-5.8165374,-3.4578638,1
20,-3.9790716,1.9229372,9
20,2.6682124,3.1813421,3
20,-0.99528635,3.820402,2
20,2.7162848,3.2481925,3
20,2.5557063,2.8534122,3
20,3.6933591,-4.0581627,7
20,-0.32531872,0.22084443,5
20,-4.7629786,-2.3262756,1
20,0.21345177,0.5296318,0
20,-0.6330129,3.2050605,6
20,-0.19104457,-0.23158014,0
20,-0.35375196,3.0525408,6
20,-0.9201031,0.2685455,5
20,-0.34480527,3.037179,6
20,-0.44760782,2.745865,6
20,-5.9858036,-3.3029046,1
20,0.18908492,-0.10117063,0
20,-4.2907915,1.595087,9
20,0.4805912,-0.9302701,0
20,2.5393357,-5.341349,8
20,-4.20605,1.9531163,9
20,-4.5871277,0.9969492,9
20,-1.4836428,0.824494,5
20,-0.14168242,3.8858805,2
20,-4.5984597,1.3893265,9
20,-0.80845135,3.892406,2
20,-4.0719247,1.4786059,9
20,-0.8728702,3.273976,4
20,-0.39448395,0.061099157,5
20,2.7612705,3.0289726,3
20,3.9564617,2.138015,4
20,2.815314,2.8473158,3
20,-0.30400005,4.185946,2
20,-0.45668864,3.1462555,6
20,0.49283153,-0.20554875,0
20,-5.66177,-3.9059317,1
20,0.09429687,-0.07077745,0
20,-1.3719491,0.2800755,5
20,-1.0428377,0.5117749,5
20,2.942983,2.9898226,3
20,-6.014072,-3.245309,1
20,1.9686584,2.7997956,3
20,3.183179,3.3259354,3
20,3.3433235,2.5312152,4
20,2.170329,-5.6238356,8
20,-0.7239705,3.9898975,2
20,-0.9505656,0.029761933,5
20,-0.39459383,3.0873873,6
20,4.0255704,2.1494606,4
20,2.9935973,3.3155005,3
20,-5.8894277,-3.2895002,1
20,2.282056,-5.901852,8
20,-4.502962,1.8785844,9
20,-0.8293829,3.6124098,2
20,4.3884163,1.7094686,4
20,-0.9239507,0.2785145,5
20,1.6093836,3.130627,3
20,2.5139396,-5.6064606,8
20,-0.14008579,3.128038,6
20,0.41354024,-0.22284268,0
20,2.1928744,-5.4881816,8
20,-5.849385,-3.4295743,1
20,-0.7562286,0.32203448,5
20,-1.1807562,0.4597485,5
20,3.6244671,-4.004496,7
20,3.7160444,-3.6062677,7
20,0.3932329,-0.20690152,0
20,-0.3678142,3.3865376,6
20,-0.4673152,3.275059,6
20,-0.3604012,2.7716386,6
20,-0.29043943,3.0590322,6
20,-5.8765793,-3.5720913,1
20,-0.93103456,0.09792684,5
20,2.4208894,-5.8337812,8
20,0.49728236,-0.565067,0
20,-1.0177324,0.37250173,5
20,2.4578311,3.0136738,3
20,0.49919724,-0.4794072,0
20,-0.42807877,-0.033485696,0
20,4.1357093,-3.531952,7
20,3.4598486,-3.9910798,7
20,2.6027963,2.801421,3
20,0.15515146,-0.35050058,0
20,-0.3008457,3.0403726,6
20,0.38717538,-0.11839107,0
20,0.22530532,-0.22975597,0
20,-0.77955824,0.39989245,5
20,3.8595288,1.8989499,4
20,-1.9228386,2.0538542,9
20,0.8296612,3.4186568,6
20,-0.3619218,2.827562,2
20,2.3623292,-4.5619087,7
20,2.5177886,3.5710077,3
20,-5.7823887,-3.4265573,1
20,-0.69014436,3.0392325,6
20,-0.71168786,2.821333,6
20,2.628447,-5.465611,8
20,2.4130473,-5.7282343,8
20,4.1312222,1.8997718,4
20,-0.61841273,3.6757355,2
20,-5.795672,-3.543759,1
20,2.5569532,-5.9553685,8
20,3.7076664,2.18358,4
20,2.741635,-5.581684,8
20,3.874243,2.6886687,3
20,0.3427303,-0.34506273,0
20,-1.4774253,3.874097,2
20,-0.9885037,3.671742,2
20,2.9091465,3.146795,3
20,-4.212605,1.5358732,9
20,-0.33594444,3.3976986,2
20,0.10494451,-0.049441844,0
20,-5.8450007,-3.4461923,1
20,2.9538598,2.9018087,3
20,2.5268803,2.960619,3
20,-4.400293,1.5580407,9
20,4.1077075,1.7887037,4
20,-1.30056,0.17127329,5
20,-5.7165046,-3.8196864,1
20,2.5632243,2.8760812,3
20,-0.81804276,4.108638,2
20,3.2365735,-5.037161,8
20,4.094463,1.8577684,4
20,-0.6052594,3.8906987,2
20,3.3147874,0.9334786,4
20,0.21061884,-0.13469875,0
20,0.5825729,0.9360107,0
20,-0.56185144,4.248492,2
20,2.745413,-0.040460806,3
20,2.548227,-5.6820583,8
20,-1.5868363,3.6575212,2
20,3.597932,-4.087266,7
20,-0.8123406,3.7262914,2
20,-0.71292114,3.9434936,2
20,2.4647806,-5.685039,8
20,-1.0045485,0.2533034,5
20,-5.663022,-3.7608235,1
20,-0.37726623,3.1454136,6
20,3.7244554,-3.9664505,7
20,3.5406663,-3.9422648,7
20,-5.834474,-3.3028252,1
20,2.3484695,-5.88161,8
20,-3.9423337,2.0912383,9
20,4.4515734,1.3054111,4
20,-0.4337222,3.0485432,6
20,-1.1675164,0.6204279,5
20,3.9296694,2.4321458,4
20,-1.0072476,3.739026,2
20,-4.027497,1.9687129,9
20,2.3854628,-5.723681,8
20,3.881494,1.9811128,4
20,-4.5278296,1.4045944,9
20,-0.7029215,3.7435925,2
20,2.5331445,3.5109987,3
20,0.36689076,-0.2521047,0
20,-0.55611414,3.7157922,2
20,-1.1234578,3.0108035,6
20,4.2246094,2.056398,4
20,2.633792,3.2206833,3
20,2.5980153,3.3868337,3
20,0.5601979,-0.2918604,0
20,-5.8566236,-3.6189668,1
20,-4.2928376,1.647734,9
20,0.35693994,-0.7727227,0
20,-4.6631384,1.460874,9
20,2.4654372,3.073974,3
20,2.6176615,-5.6898074,8
20,-5.8365316,-3.3559206,1
20,-3.8924122,1.2439352,2
20,-4.3816786,1.6410352,9
20,-0.59364986,3.286127,6
20,3.034702,-4.3326135,7
20,-5.8684025,-3.271992,1
20,2.7317617,2.8029482,3
20,3.3341773,-4.4495873,7
20,2.42573,-5.7556233,8
20,-5.9618573,-3.180707,1
20,2.1639924,-5.704312,8
20,-2.749422,0.04976362,9
20,-0.9492868,0.43439382,5
20,-0.66569096,3.188177,6
20,3.58703,-3.8807845,7
20,-0.64684755,3.7274024,2
20,1.1335241,-5.011348,8
20,-0.58496135,3.0857232,6
20,0.27622327,-0.39266795,0
20,2.955967,2.869956,3
20,-4.572222,1.71545,9
20,3.2848306,-4.463185,7
20,3.389129,-3.8967986,7
20,3.3602982,-4.0464654,7
20,1.9360509,3.17215,3
20,-0.23492682,3.284935,6
20,4.178408,2.0436807,4
20,-4.673054,1.6294293,9
20,4.699841,-0.7159202,4
20,-0.033585556,3.073318,6
20,-1.0163823,2.845696,2
20,-4.678314,1.9322137,9
20,0.21729526,-0.27165067,0
20,-4.326292,1.750972,9
20,-0.14380202,3.015083,6
20,-0.6297469,0.5174598,5
20,-5.8888693,-3.4098883,1
20,4.179428,1.7941983,4
20,4.424888,2.1491306,4
20,2.4029915,2.87517,3
20,3.2378898,2.686115,3
20,3.6574383,2.2383385,4
20,-0.68534005,3.7467685,2
20,-4.3642807,1.145168,9
20,2.3982918,-5.7132387,8
20,3.41156,-4.053264,7
20,4.260968,1.7827071,4
20,-4.561752,1.6151019,9
20,0.2535827,-0.3799414,0
20,2.528485,-5.7395415,8
20,3.640499,-4.232302,7
20,-0.74212635,0.39000362,5
20,-5.929479,-3.4754734,1
20,0.50695395,-0.36555803,0
20,0.552559,-0.20958214,0
20,0.20691961,2.1803615,2
20,4.3722034,0.26557374,9
20,-0.7582308,0.27823532,5
20,3.8132205,-4.0907383,7
20,3.7694147,-3.7033029,7
20,-0.054932423,3.162332,6
20,4.389131,1.8063687,4
20,-0.57115674,3.1526034,6
20,3.7288232,2.339237,4
20,-0.2649386,2.9361043,6
20,3.3291278,-4.187658,7
20,3.6073627,2.2019718,4
20,2.2316308,-6.0080748,8
20,-0.5059248,3.2492523,6
20,-0.84810174,0.34159243,5
20,-1.0959437,3.883833,2
20,2.6670156,3.1385052,3
20,2.3532808,-5.4557924,8
20,4.419545,1.4548986,4
20,-0.72236514,0.25447404,5
20,-0.74746865,0.3279811,5
20,-0.42056328,0.08143276,0
20,0.12684223,3.0172007,6
20,-0.9991139,-0.043120306,5
20,4.40383,1.7853708,4
20,-0.7846968,3.9409344,2
20,-4.375472,1.6924927,9
20,0.1569955,-0.22835124,0
20,3.6623971,-3.7442334,7
20,2.3326569,-5.967985,8
20,-0.6942227,3.0461016,6
20,-0.6238332,2.682966,6
20,2.2076871,3.1319356,3
20,-4.0156355,2.1733117,9
20,1.3580703,1.4751576,0
20,0.21776167,-0.1955688,0
20,3.8064964,-3.9906507,7
20,2.780604,3.4381309,3
20,-5.901203,-3.497603,1
20,3.9222941,1.6806544,4
20,-3.619829,1.9352504,7
20,-5.6930013,-3.5769494,1
20,3.1643186,-4.5320845,7
20,2.1869779,-5.565952,8
20,3.4827633,-4.285518,7
20,-4.441717,1.2454257,9
20,-3.6444027,1.7032766,9
20,2.5655315,2.9535263,3
20,3.7352133,-3.8498769,7
20,2.729796,2.9716527,3
20,2.274221,3.394782,3
20,-0.9658339,3.8462741,2
20,3.7782915,2.2522526,4
20,2.3791409,-5.9672837,8
20,-0.9609895,0.5491477,5
20,2.3274837,3.718167,3
20,-0.5845582,3.7902415,2
20,0.10183332,-0.21234757,0
20,2.586031,2.995454,3
20,3.4555004,2.3597577,4
20,-0.34923276,3.063296,6
20,-1.1769241,4.1130886,2
20,3.5624683,-3.9111207,7
20,2.2180533,2.945246,3
20,-0.5812396,3.2069502,6
20,-0.12964287,2.9669838,6
20,0.5027781,-0.14975438,0
20,2.3123972,-5.541757,8
20,-0.488056,3.7753215,2
20,2.3063984,2.6846876,3
20,-1.1273276,-0.19650078,5
20,3.9061737,-4.5270324,7
20,2.3305082,-5.7637186,8
20,4.0891933,2.049356,4
20,3.5689712,-4.2264237,7
20,-5.8853106,-3.1146066,1
20,-1.0514534,2.912872,6
20,0.20471916,0.12645365,0
20,0.45948994,-0.15532514,5
20,2.5849624,2.7485504,3
20,-1.2690958,3.6112232,2
20,2.4067128,-5.4082513,8
20,0.83403116,-2.9947987,0
20,-0.5809343,3.992678,2
20,-0.8708742,3.1745875,6
20,-0.15468428,3.0542278,6
20,-0.8365605,0.43453854,5
20,4.353214,1.5208625,4
20,-0.89247215,3.8311484,2
20,-0.58275,3.0972853,6
20,-0.32800546,3.2571948,6
20,-0.85438395,3.8197172,2
20,2.4026775,3.3727198,3
20,-2.7718105,3.2771165,6
20,-5.8286715,-3.4767265,1
20,0.30028978,-0.44538212,0
20,-0.58585876,2.9216018,6
20,2.41237,-5.545227,8
20,-0.9382868,0.2931142,5
20,-5.792934,-3.4880328,1
20,-0.6440585,0.14620617,5
20,2.568787,-6.0077004,8
20,2.2798016,-5.725449,8
20,-0.06407539,3.1295452,6
20,4.0857787,2.0379522,4
20,2.563889,-5.721308,8
20,2.4116595,-5.661967,8
20,4.0118017,2.0740612,4
20,-5.905017,-3.3608947,1
20,-0.89295936,0.4079908,5
20,-0.56871545,0.057939567,5
20,-4.518532,1.5666816,9
20,-0.61462456,3.2485335,6
20,-4.0017915,1.8481112,9
20,-6.16723,-3.1118622,1
20,3.6068802,-3.7339597,7
20,4.260124,1.8103119,4
20,2.4599833,-5.8166504,8
20,-0.6076616,3.0570157,6
20,4.1018424,1.6395619,4
20,1.2856604,-0.6220988,8
20,-0.12859076,2.7421277,2
20,4.2314496,1.8701594,4
20,-0.90876895,0.35141802,5
20,-5.7800574,-3.737491,1
20,-0.24138361,2.8506856,6
20,3.649441,-3.958563,7
20,4.2119737,1.6287547,4
20,3.7718832,-3.9137008,7
20,-1.3637743,0.5302644,5
20,-0.75210154,3.0176723,6
20,3.391145,-4.227642,7
20,-0.6966503,3.9127038,2
20,2.2912676,-5.6628017,8
20,-0.71304405,0.2791443,5
20,0.2068992,-0.15923747,0
20,-4.1704583,0.19275214,9
20,-0.3806728,3.14571,6
20,2.569143,2.5682058,3
20,-5.825382,-3.5274122,1
20,-5.697248,-3.625065,1
20,3.6576657,-3.729852,7
20,3.328122,2.8326015,3
20,4.2506604,1.8293164,4
20,0.7418457,-5.3979807,8
20,-0.85278124,4.297803,2
20,4.2963557,1.9933106,4
20,0.17347565,-0.050578695,0
20,-5.8846846,-3.2568343,1
20,1.3259498,-0.06624159,5
20,2.7091138,3.3553083,3
20,-0.021441936,3.2614295,6
20,-1.176139,-0.07965483,5
20,2.403538,-5.574974,8
20,-4.449669,-4.6322656,7
20,-4.2438383,1.0517068,9
20,-0.6911496,0.15145881,5
20,-4.5863853,1.6155031,9
20,3.7324579,-3.9084735,7
20,1.767829,3.6850998,6
20,-5.9146633,-3.3557222,1
20,2.2107453,-5.6391797,8
20,-0.024872206,2.7207994,6
20,2.8601735,3.1833122,3
20,2.5570564,3.0389266,3
20,4.6126027,-3.1340935,7
20,-0.32530972,3.1626198,6
20,-0.3377191,3.2546537,6
20,-5.783625,-3.6313083,1
20,-5.816752,-3.3540347,1
20,-1.0729468,3.9148765,2
20,0.3368238,0.7067349,0
20,2.2875218,3.5713995,3
20,3.5945115,-3.780559,7
20,-0.005655408,-0.13475817,0
20,3.474369,-4.0767813,7
20,2.617721,3.3311002,3
20,-0.70607096,0.32074755,5
20,3.7813222,-3.90652,7
20,4.066659,2.2508016,4
20,2.6068554,3.1995106,3
20,3.8743234,-4.1132736,7
20,-0.4206884,3.640754,2
20,-0.90073687,0.48215973,5
20,-4.3344636,1.9931802,9
20,-0.9386146,0.36811346,5
20,3.2595968,2.923133,3
20,-3.2081397,2.385258,9
20,2.6553638,-5.596764,8
20,-5.7622995,-3.4350083,1
20,0.4695015,-0.38170952,0
20,-4.7024045,1.6414951,9
20,2.4230397,-5.647622,8
20,-0.23001117,-0.16739394,0
20,2.1971774,-5.873653,8
20,2.9779134,2.6046433,3
20,-2.9629686,0.8475048,9
20,2.3426359,-5.4420195,8
20,2.645513,3.4327457,3
20,-0.72474277,3.5580804,2
20,-4.512671,1.5990835,9
20,-0.39866602,3.4242783,6
20,2.1610072,-5.268015,8
20,4.234213,1.8689389,4
20,-5.8653636,-3.347615,1
20,2.4823747,-5.9421706,8
20,-0.23122862,-0.24201058,0
20,2.9125862,3.0316744,3
20,-1.7981464,3.5155327,2
20,0.045221474,3.0747676,2
20,-5.8651485,-3.339424,1
20,-4.530376,0.9385522,9
20,-5.9375553,-3.3159192,1
20,0.07451275,-0.17193204,0
20,-0.29862726,0.26861846,0
20,-0.57177114,3.8678036,2
20,3.7852113,2.1010897,3
20,-2.2821844,2.6540172,2
20,0.21072838,-0.23485872,0
20,3.1245544,3.0020251,3
20,0.27614585,-0.2863963,0
20,-4.6707773,1.2264881,9
20,-0.102105,-0.046034552,0
20,-5.629196,-3.4341981,1
20,-0.5471598,0.36435348,5
20,2.7781262,2.5265365,4
20,-0.7383236,0.40333986,5
20,2.6346445,-4.774477,8
20,3.4910588,-4.2865505,7
20,-4.3553553,1.978429,9
20,-1.1075846,0.3433959,5
20,2.4381728,-5.6070557,8
20,-4.314208,1.3418398,9
20,0.21984962,2.9242373,2
20,3.6050942,-4.094429,7
20,2.6733718,2.806436,3
20,2.7610838,2.7213209,3
20,3.2715986,-4.0069385,7
20,2.762295,3.1738458,3
20,3.9800644,1.7929277,4
20,-0.5813334,3.9036274,2
20,-0.1551736,3.0696695,6
20,-0.67785233,0.5185296,5
20,0.22459495,-0.15565363,0
20,-3.2075398,2.3236806,9
20,-0.6590491,0.14145948,5
20,4.27944,2.061148,4
20,3.730598,-4.0774574,7
20,-1.2433999,3.3527176,2
20,3.527544,-4.158122,7
20,-0.12351578,4.2858586,2
20,4.1926637,2.1774533,4
20,-0.4708836,2.9857788,6
20,-1.5396421,0.6879055,5
20,-4.49749,1.6737211,9
20,2.422542,-5.535032,8
20,2.5644329,-5.3790965,8
20,-0.11311867,3.230086,6
20,2.6032846,3.0569263,3
20,3.7766166,2.0760775,4
20,-5.9439774,-3.3368616,1
20,-0.43326205,3.2505765,6
20,-0.34775028,3.0830092,6
20,2.5917902,3.3805277,3
20,-3.8447425,2.5480058,9
20,4.1775866,1.2522537,4
20,-1.0699141,0.32061023,5
20,3.9257133,2.0773523,4
20,-5.779593,-3.214956,1
20,3.6172931,-3.8946998,7
20,-0.8904279,3.9256167,2
20,0.16961926,-0.17476434,0
20,-5.94771,-3.598188,1
20,-5.964479,-3.2495813,1
20,3.5069885,-3.9756827,7
20,4.247931,2.0618987,4
20,-5.8882465,-3.4276276,1
20,2.7907827,2.9638562,3
20,3.1555433,-5.2326074,8
20,3.600993,-3.9904208,7
20,-4.603327,1.750597,9
20,-0.6886422,3.5052114,2
20,-1.2418882,-0.08567957,5
20,3.6570182,-4.152905,7
20,0.19392623,0.03827542,0
20,-0.13332027,-0.20718962,0
